{"trial_id": "0035", "hyperparameters": {"space": [{"class_name": "Choice", "config": {"name": "kernel_size_1", "default": 3, "conditions": [], "values": [3, 5, 7], "ordered": true}}, {"class_name": "Choice", "config": {"name": "filters_1", "default": 32, "conditions": [], "values": [32, 64, 128], "ordered": true}}, {"class_name": "Choice", "config": {"name": "kernel_size_2", "default": 3, "conditions": [], "values": [3, 5, 7], "ordered": true}}, {"class_name": "Choice", "config": {"name": "filters_2", "default": 64, "conditions": [], "values": [64, 128, 256], "ordered": true}}, {"class_name": "Choice", "config": {"name": "kernel_size_3", "default": 3, "conditions": [], "values": [3, 5, 7], "ordered": true}}, {"class_name": "Choice", "config": {"name": "filters_3", "default": 128, "conditions": [], "values": [128, 256, 512], "ordered": true}}, {"class_name": "Int", "config": {"name": "dense_1_units", "default": null, "conditions": [], "min_value": 64, "max_value": 256, "step": 64, "sampling": "linear"}}, {"class_name": "Float", "config": {"name": "dropout_1", "default": 0.3, "conditions": [], "min_value": 0.3, "max_value": 0.7, "step": 0.1, "sampling": "linear"}}, {"class_name": "Int", "config": {"name": "dense_2_units", "default": null, "conditions": [], "min_value": 32, "max_value": 128, "step": 32, "sampling": "linear"}}, {"class_name": "Float", "config": {"name": "dropout_2", "default": 0.3, "conditions": [], "min_value": 0.3, "max_value": 0.7, "step": 0.1, "sampling": "linear"}}], "values": {"kernel_size_1": 5, "filters_1": 32, "kernel_size_2": 3, "filters_2": 128, "kernel_size_3": 3, "filters_3": 128, "dense_1_units": 192, "dropout_1": 0.3, "dense_2_units": 96, "dropout_2": 0.4, "tuner/epochs": 4, "tuner/initial_epoch": 2, "tuner/bracket": 3, "tuner/round": 1, "tuner/trial_id": "0025"}}, "metrics": {"metrics": {"AUC": {"direction": "max", "observations": [{"value": [0.6750888228416443], "step": 1}]}, "Precision": {"direction": "max", "observations": [{"value": [0.6761904954910278], "step": 1}]}, "Recall": {"direction": "max", "observations": [{"value": [0.9882783889770508], "step": 1}]}, "accuracy": {"direction": "max", "observations": [{"value": [0.673247754573822], "step": 1}]}, "loss": {"direction": "min", "observations": [{"value": [0.5540049076080322], "step": 1}]}, "val_AUC": {"direction": "max", "observations": [{"value": [0.7426831722259521], "step": 1}]}, "val_Precision": {"direction": "max", "observations": [{"value": [0.688034176826477], "step": 1}]}, "val_Recall": {"direction": "max", "observations": [{"value": [0.9969040155410767], "step": 1}]}, "val_accuracy": {"direction": "max", "observations": [{"value": [0.689217746257782], "step": 1}]}, "val_loss": {"direction": "min", "observations": [{"value": [0.5371490716934204], "step": 1}]}}}, "score": 0.5371490716934204, "best_step": 1, "status": "COMPLETED", "message": null}