{"trial_id": "0024", "hyperparameters": {"space": [{"class_name": "Choice", "config": {"name": "kernel_size_1", "default": 3, "conditions": [], "values": [3, 5, 7], "ordered": true}}, {"class_name": "Choice", "config": {"name": "kernel_size_2", "default": 3, "conditions": [], "values": [3, 5, 7], "ordered": true}}, {"class_name": "Int", "config": {"name": "conv_1_filters", "default": null, "conditions": [], "min_value": 16, "max_value": 64, "step": 16, "sampling": "linear"}}, {"class_name": "Int", "config": {"name": "conv_2_filters", "default": null, "conditions": [], "min_value": 32, "max_value": 128, "step": 32, "sampling": "linear"}}, {"class_name": "Int", "config": {"name": "dense_units", "default": null, "conditions": [], "min_value": 32, "max_value": 128, "step": 32, "sampling": "linear"}}, {"class_name": "Float", "config": {"name": "dropout_rate", "default": 0.2, "conditions": [], "min_value": 0.2, "max_value": 0.5, "step": 0.1, "sampling": "linear"}}], "values": {"kernel_size_1": 7, "kernel_size_2": 5, "conv_1_filters": 16, "conv_2_filters": 128, "dense_units": 32, "dropout_rate": 0.30000000000000004, "tuner/epochs": 20, "tuner/initial_epoch": 7, "tuner/bracket": 1, "tuner/round": 1, "tuner/trial_id": "0020"}}, "metrics": {"metrics": {"AUC": {"direction": "max", "observations": [{"value": [0.9474206566810608], "step": 4}]}, "Precision": {"direction": "max", "observations": [{"value": [0.8937544822692871], "step": 4}]}, "Recall": {"direction": "max", "observations": [{"value": [0.9120879173278809], "step": 4}]}, "accuracy": {"direction": "max", "observations": [{"value": [0.8677196502685547], "step": 4}]}, "loss": {"direction": "min", "observations": [{"value": [0.2715512812137604], "step": 4}]}, "val_AUC": {"direction": "max", "observations": [{"value": [0.9453663229942322], "step": 4}]}, "val_Precision": {"direction": "max", "observations": [{"value": [0.9090909361839294], "step": 4}]}, "val_Recall": {"direction": "max", "observations": [{"value": [0.8978328108787537], "step": 4}]}, "val_accuracy": {"direction": "max", "observations": [{"value": [0.8689217567443848], "step": 4}]}, "val_loss": {"direction": "min", "observations": [{"value": [0.2761021852493286], "step": 4}]}}}, "score": 0.2761021852493286, "best_step": 4, "status": "COMPLETED", "message": null}