{"trial_id": "0075", "hyperparameters": {"space": [{"class_name": "Choice", "config": {"name": "kernel_size_1", "default": 3, "conditions": [], "values": [3, 5, 7], "ordered": true}}, {"class_name": "Choice", "config": {"name": "filters_1", "default": 32, "conditions": [], "values": [32, 64, 128], "ordered": true}}, {"class_name": "Choice", "config": {"name": "kernel_size_2", "default": 3, "conditions": [], "values": [3, 5, 7], "ordered": true}}, {"class_name": "Choice", "config": {"name": "filters_2", "default": 64, "conditions": [], "values": [64, 128, 256], "ordered": true}}, {"class_name": "Choice", "config": {"name": "kernel_size_3", "default": 3, "conditions": [], "values": [3, 5, 7], "ordered": true}}, {"class_name": "Choice", "config": {"name": "filters_3", "default": 128, "conditions": [], "values": [128, 256, 512], "ordered": true}}, {"class_name": "Int", "config": {"name": "dense_1_units", "default": null, "conditions": [], "min_value": 64, "max_value": 256, "step": 64, "sampling": "linear"}}, {"class_name": "Float", "config": {"name": "dropout_1", "default": 0.3, "conditions": [], "min_value": 0.3, "max_value": 0.7, "step": 0.1, "sampling": "linear"}}, {"class_name": "Int", "config": {"name": "dense_2_units", "default": null, "conditions": [], "min_value": 32, "max_value": 128, "step": 32, "sampling": "linear"}}, {"class_name": "Float", "config": {"name": "dropout_2", "default": 0.3, "conditions": [], "min_value": 0.3, "max_value": 0.7, "step": 0.1, "sampling": "linear"}}], "values": {"kernel_size_1": 3, "filters_1": 128, "kernel_size_2": 3, "filters_2": 128, "kernel_size_3": 3, "filters_3": 128, "dense_1_units": 64, "dropout_1": 0.4, "dense_2_units": 64, "dropout_2": 0.5, "tuner/epochs": 10, "tuner/initial_epoch": 0, "tuner/bracket": 1, "tuner/round": 0}}, "metrics": {"metrics": {"AUC": {"direction": "max", "observations": [{"value": [0.7124260067939758], "step": 9}]}, "Precision": {"direction": "max", "observations": [{"value": [0.6824742555618286], "step": 9}]}, "Recall": {"direction": "max", "observations": [{"value": [0.9699633717536926], "step": 9}]}, "accuracy": {"direction": "max", "observations": [{"value": [0.6757156848907471], "step": 9}]}, "loss": {"direction": "min", "observations": [{"value": [0.5320656299591064], "step": 9}]}, "val_AUC": {"direction": "max", "observations": [{"value": [0.778482973575592], "step": 9}]}, "val_Precision": {"direction": "max", "observations": [{"value": [0.6914660930633545], "step": 9}]}, "val_Recall": {"direction": "max", "observations": [{"value": [0.9783281683921814], "step": 9}]}, "val_accuracy": {"direction": "max", "observations": [{"value": [0.6871035695075989], "step": 9}]}, "val_loss": {"direction": "min", "observations": [{"value": [0.5035457015037537], "step": 9}]}}}, "score": 0.5035457015037537, "best_step": 9, "status": "COMPLETED", "message": null}