{"trial_id": "0067", "hyperparameters": {"space": [{"class_name": "Choice", "config": {"name": "kernel_size_1", "default": 3, "conditions": [], "values": [3, 5, 7], "ordered": true}}, {"class_name": "Choice", "config": {"name": "filters_1", "default": 32, "conditions": [], "values": [32, 64, 128], "ordered": true}}, {"class_name": "Choice", "config": {"name": "kernel_size_2", "default": 3, "conditions": [], "values": [3, 5, 7], "ordered": true}}, {"class_name": "Choice", "config": {"name": "filters_2", "default": 64, "conditions": [], "values": [64, 128, 256], "ordered": true}}, {"class_name": "Choice", "config": {"name": "kernel_size_3", "default": 3, "conditions": [], "values": [3, 5, 7], "ordered": true}}, {"class_name": "Choice", "config": {"name": "filters_3", "default": 128, "conditions": [], "values": [128, 256, 512], "ordered": true}}, {"class_name": "Int", "config": {"name": "dense_1_units", "default": null, "conditions": [], "min_value": 64, "max_value": 256, "step": 64, "sampling": "linear"}}, {"class_name": "Float", "config": {"name": "dropout_1", "default": 0.3, "conditions": [], "min_value": 0.3, "max_value": 0.7, "step": 0.1, "sampling": "linear"}}, {"class_name": "Int", "config": {"name": "dense_2_units", "default": null, "conditions": [], "min_value": 32, "max_value": 128, "step": 32, "sampling": "linear"}}, {"class_name": "Float", "config": {"name": "dropout_2", "default": 0.3, "conditions": [], "min_value": 0.3, "max_value": 0.7, "step": 0.1, "sampling": "linear"}}], "values": {"kernel_size_1": 5, "filters_1": 32, "kernel_size_2": 7, "filters_2": 256, "kernel_size_3": 3, "filters_3": 512, "dense_1_units": 256, "dropout_1": 0.3, "dense_2_units": 32, "dropout_2": 0.5, "tuner/epochs": 10, "tuner/initial_epoch": 4, "tuner/bracket": 2, "tuner/round": 1, "tuner/trial_id": "0060"}}, "metrics": {"metrics": {"AUC": {"direction": "max", "observations": [{"value": [0.9237779974937439], "step": 4}]}, "Precision": {"direction": "max", "observations": [{"value": [0.8918717503547668], "step": 4}]}, "Recall": {"direction": "max", "observations": [{"value": [0.8761904835700989], "step": 4}]}, "accuracy": {"direction": "max", "observations": [{"value": [0.8450148105621338], "step": 4}]}, "loss": {"direction": "min", "observations": [{"value": [0.32324570417404175], "step": 4}]}, "val_AUC": {"direction": "max", "observations": [{"value": [0.9421878457069397], "step": 4}]}, "val_Precision": {"direction": "max", "observations": [{"value": [0.9377049207687378], "step": 4}]}, "val_Recall": {"direction": "max", "observations": [{"value": [0.8854489326477051], "step": 4}]}, "val_accuracy": {"direction": "max", "observations": [{"value": [0.8816067576408386], "step": 4}]}, "val_loss": {"direction": "min", "observations": [{"value": [0.2856098413467407], "step": 4}]}}}, "score": 0.2856098413467407, "best_step": 4, "status": "COMPLETED", "message": null}