{"trial_id": "0020", "hyperparameters": {"space": [{"class_name": "Choice", "config": {"name": "kernel_size_1", "default": 3, "conditions": [], "values": [3, 5, 7], "ordered": true}}, {"class_name": "Choice", "config": {"name": "kernel_size_2", "default": 3, "conditions": [], "values": [3, 5, 7], "ordered": true}}, {"class_name": "Int", "config": {"name": "conv_1_filters", "default": null, "conditions": [], "min_value": 16, "max_value": 64, "step": 16, "sampling": "linear"}}, {"class_name": "Int", "config": {"name": "conv_2_filters", "default": null, "conditions": [], "min_value": 32, "max_value": 128, "step": 32, "sampling": "linear"}}, {"class_name": "Int", "config": {"name": "dense_units", "default": null, "conditions": [], "min_value": 32, "max_value": 128, "step": 32, "sampling": "linear"}}, {"class_name": "Float", "config": {"name": "dropout_rate", "default": 0.2, "conditions": [], "min_value": 0.2, "max_value": 0.5, "step": 0.1, "sampling": "linear"}}], "values": {"kernel_size_1": 7, "kernel_size_2": 5, "conv_1_filters": 16, "conv_2_filters": 128, "dense_units": 32, "dropout_rate": 0.30000000000000004, "tuner/epochs": 7, "tuner/initial_epoch": 0, "tuner/bracket": 1, "tuner/round": 0}}, "metrics": {"metrics": {"AUC": {"direction": "max", "observations": [{"value": [0.8774844408035278], "step": 6}]}, "Precision": {"direction": "max", "observations": [{"value": [0.8325088620185852], "step": 6}]}, "Recall": {"direction": "max", "observations": [{"value": [0.863003671169281], "step": 6}]}, "accuracy": {"direction": "max", "observations": [{"value": [0.7907206416130066], "step": 6}]}, "loss": {"direction": "min", "observations": [{"value": [0.39492204785346985], "step": 6}]}, "val_AUC": {"direction": "max", "observations": [{"value": [0.9001341462135315], "step": 6}]}, "val_Precision": {"direction": "max", "observations": [{"value": [0.8228882551193237], "step": 6}]}, "val_Recall": {"direction": "max", "observations": [{"value": [0.9349845051765442], "step": 6}]}, "val_accuracy": {"direction": "max", "observations": [{"value": [0.8181818127632141], "step": 6}]}, "val_loss": {"direction": "min", "observations": [{"value": [0.3961867094039917], "step": 6}]}}}, "score": 0.3961867094039917, "best_step": 6, "status": "COMPLETED", "message": null}