{"trial_id": "0026", "hyperparameters": {"space": [{"class_name": "Choice", "config": {"name": "kernel_size_1", "default": 3, "conditions": [], "values": [3, 5, 7], "ordered": true}}, {"class_name": "Choice", "config": {"name": "kernel_size_2", "default": 3, "conditions": [], "values": [3, 5, 7], "ordered": true}}, {"class_name": "Int", "config": {"name": "conv_1_filters", "default": null, "conditions": [], "min_value": 16, "max_value": 64, "step": 16, "sampling": "linear"}}, {"class_name": "Int", "config": {"name": "conv_2_filters", "default": null, "conditions": [], "min_value": 32, "max_value": 128, "step": 32, "sampling": "linear"}}, {"class_name": "Int", "config": {"name": "dense_units", "default": null, "conditions": [], "min_value": 32, "max_value": 128, "step": 32, "sampling": "linear"}}, {"class_name": "Float", "config": {"name": "dropout_rate", "default": 0.2, "conditions": [], "min_value": 0.2, "max_value": 0.5, "step": 0.1, "sampling": "linear"}}], "values": {"kernel_size_1": 5, "kernel_size_2": 7, "conv_1_filters": 32, "conv_2_filters": 32, "dense_units": 128, "dropout_rate": 0.30000000000000004, "tuner/epochs": 20, "tuner/initial_epoch": 0, "tuner/bracket": 0, "tuner/round": 0}}, "metrics": {"metrics": {"AUC": {"direction": "max", "observations": [{"value": [0.6866015195846558], "step": 5}]}, "Precision": {"direction": "max", "observations": [{"value": [0.6775326132774353], "step": 5}]}, "Recall": {"direction": "max", "observations": [{"value": [0.9897435903549194], "step": 5}]}, "accuracy": {"direction": "max", "observations": [{"value": [0.6757156848907471], "step": 5}]}, "loss": {"direction": "min", "observations": [{"value": [0.539556086063385], "step": 5}]}, "val_AUC": {"direction": "max", "observations": [{"value": [0.6985138654708862], "step": 5}]}, "val_Precision": {"direction": "max", "observations": [{"value": [0.6904761791229248], "step": 5}]}, "val_Recall": {"direction": "max", "observations": [{"value": [0.9876161217689514], "step": 5}]}, "val_accuracy": {"direction": "max", "observations": [{"value": [0.689217746257782], "step": 5}]}, "val_loss": {"direction": "min", "observations": [{"value": [0.5289749503135681], "step": 5}]}}}, "score": 0.5289749503135681, "best_step": 5, "status": "COMPLETED", "message": null}