{"trial_id": "0012", "hyperparameters": {"space": [{"class_name": "Choice", "config": {"name": "kernel_size_1", "default": 3, "conditions": [], "values": [3, 5, 7], "ordered": true}}, {"class_name": "Choice", "config": {"name": "kernel_size_2", "default": 3, "conditions": [], "values": [3, 5, 7], "ordered": true}}, {"class_name": "Int", "config": {"name": "conv_1_filters", "default": null, "conditions": [], "min_value": 16, "max_value": 64, "step": 16, "sampling": "linear"}}, {"class_name": "Int", "config": {"name": "conv_2_filters", "default": null, "conditions": [], "min_value": 32, "max_value": 128, "step": 32, "sampling": "linear"}}, {"class_name": "Int", "config": {"name": "dense_units", "default": null, "conditions": [], "min_value": 32, "max_value": 128, "step": 32, "sampling": "linear"}}, {"class_name": "Float", "config": {"name": "dropout_rate", "default": 0.2, "conditions": [], "min_value": 0.2, "max_value": 0.5, "step": 0.1, "sampling": "linear"}}], "values": {"kernel_size_1": 5, "kernel_size_2": 5, "conv_1_filters": 64, "conv_2_filters": 128, "dense_units": 96, "dropout_rate": 0.4, "tuner/epochs": 7, "tuner/initial_epoch": 3, "tuner/bracket": 2, "tuner/round": 1, "tuner/trial_id": "0001"}}, "metrics": {"metrics": {"AUC": {"direction": "max", "observations": [{"value": [0.8213080763816833], "step": 2}]}, "Precision": {"direction": "max", "observations": [{"value": [0.792011022567749], "step": 2}]}, "Recall": {"direction": "max", "observations": [{"value": [0.8424908518791199], "step": 2}]}, "accuracy": {"direction": "max", "observations": [{"value": [0.7448173761367798], "step": 2}]}, "loss": {"direction": "min", "observations": [{"value": [0.46697762608528137], "step": 2}]}, "val_AUC": {"direction": "max", "observations": [{"value": [0.8804128170013428], "step": 2}]}, "val_Precision": {"direction": "max", "observations": [{"value": [0.9256505370140076], "step": 2}]}, "val_Recall": {"direction": "max", "observations": [{"value": [0.7708978056907654], "step": 2}]}, "val_accuracy": {"direction": "max", "observations": [{"value": [0.8012685179710388], "step": 2}]}, "val_loss": {"direction": "min", "observations": [{"value": [0.4171305298805237], "step": 2}]}}}, "score": 0.4171305298805237, "best_step": 2, "status": "COMPLETED", "message": null}