{"trial_id": "0025", "hyperparameters": {"space": [{"class_name": "Choice", "config": {"name": "kernel_size_1", "default": 3, "conditions": [], "values": [3, 5, 7], "ordered": true}}, {"class_name": "Choice", "config": {"name": "kernel_size_2", "default": 3, "conditions": [], "values": [3, 5, 7], "ordered": true}}, {"class_name": "Int", "config": {"name": "conv_1_filters", "default": null, "conditions": [], "min_value": 16, "max_value": 64, "step": 16, "sampling": "linear"}}, {"class_name": "Int", "config": {"name": "conv_2_filters", "default": null, "conditions": [], "min_value": 32, "max_value": 128, "step": 32, "sampling": "linear"}}, {"class_name": "Int", "config": {"name": "dense_units", "default": null, "conditions": [], "min_value": 32, "max_value": 128, "step": 32, "sampling": "linear"}}, {"class_name": "Float", "config": {"name": "dropout_rate", "default": 0.2, "conditions": [], "min_value": 0.2, "max_value": 0.5, "step": 0.1, "sampling": "linear"}}], "values": {"kernel_size_1": 3, "kernel_size_2": 3, "conv_1_filters": 16, "conv_2_filters": 64, "dense_units": 64, "dropout_rate": 0.4, "tuner/epochs": 20, "tuner/initial_epoch": 7, "tuner/bracket": 1, "tuner/round": 1, "tuner/trial_id": "0023"}}, "metrics": {"metrics": {"AUC": {"direction": "max", "observations": [{"value": [0.940305769443512], "step": 9}]}, "Precision": {"direction": "max", "observations": [{"value": [0.8910256624221802], "step": 9}]}, "Recall": {"direction": "max", "observations": [{"value": [0.9164835214614868], "step": 9}]}, "accuracy": {"direction": "max", "observations": [{"value": [0.8682132363319397], "step": 9}]}, "loss": {"direction": "min", "observations": [{"value": [0.29576945304870605], "step": 9}]}, "val_AUC": {"direction": "max", "observations": [{"value": [0.9640970230102539], "step": 9}]}, "val_Precision": {"direction": "max", "observations": [{"value": [0.9240121841430664], "step": 9}]}, "val_Recall": {"direction": "max", "observations": [{"value": [0.9411764740943909], "step": 9}]}, "val_accuracy": {"direction": "max", "observations": [{"value": [0.9069767594337463], "step": 9}]}, "val_loss": {"direction": "min", "observations": [{"value": [0.2267197072505951], "step": 9}]}}}, "score": 0.2267197072505951, "best_step": 9, "status": "COMPLETED", "message": null}