{"trial_id": "0049", "hyperparameters": {"space": [{"class_name": "Choice", "config": {"name": "kernel_size_1", "default": 3, "conditions": [], "values": [3, 5, 7], "ordered": true}}, {"class_name": "Choice", "config": {"name": "filters_1", "default": 32, "conditions": [], "values": [32, 64, 128], "ordered": true}}, {"class_name": "Choice", "config": {"name": "kernel_size_2", "default": 3, "conditions": [], "values": [3, 5, 7], "ordered": true}}, {"class_name": "Choice", "config": {"name": "filters_2", "default": 64, "conditions": [], "values": [64, 128, 256], "ordered": true}}, {"class_name": "Choice", "config": {"name": "kernel_size_3", "default": 3, "conditions": [], "values": [3, 5, 7], "ordered": true}}, {"class_name": "Choice", "config": {"name": "filters_3", "default": 128, "conditions": [], "values": [128, 256, 512], "ordered": true}}, {"class_name": "Int", "config": {"name": "dense_1_units", "default": null, "conditions": [], "min_value": 64, "max_value": 256, "step": 64, "sampling": "linear"}}, {"class_name": "Float", "config": {"name": "dropout_1", "default": 0.3, "conditions": [], "min_value": 0.3, "max_value": 0.7, "step": 0.1, "sampling": "linear"}}, {"class_name": "Int", "config": {"name": "dense_2_units", "default": null, "conditions": [], "min_value": 32, "max_value": 128, "step": 32, "sampling": "linear"}}, {"class_name": "Float", "config": {"name": "dropout_2", "default": 0.3, "conditions": [], "min_value": 0.3, "max_value": 0.7, "step": 0.1, "sampling": "linear"}}], "values": {"kernel_size_1": 3, "filters_1": 128, "kernel_size_2": 5, "filters_2": 128, "kernel_size_3": 7, "filters_3": 256, "dense_1_units": 256, "dropout_1": 0.5, "dense_2_units": 96, "dropout_2": 0.4, "tuner/epochs": 10, "tuner/initial_epoch": 4, "tuner/bracket": 3, "tuner/round": 2, "tuner/trial_id": "0043"}}, "metrics": {"metrics": {"AUC": {"direction": "max", "observations": [{"value": [0.8839852809906006], "step": 5}]}, "Precision": {"direction": "max", "observations": [{"value": [0.8589272499084473], "step": 5}]}, "Recall": {"direction": "max", "observations": [{"value": [0.8564102649688721], "step": 5}]}, "accuracy": {"direction": "max", "observations": [{"value": [0.8084896206855774], "step": 5}]}, "loss": {"direction": "min", "observations": [{"value": [0.38752424716949463], "step": 5}]}, "val_AUC": {"direction": "max", "observations": [{"value": [0.9173890948295593], "step": 5}]}, "val_Precision": {"direction": "max", "observations": [{"value": [0.9207921028137207], "step": 5}]}, "val_Recall": {"direction": "max", "observations": [{"value": [0.8637771010398865], "step": 5}]}, "val_accuracy": {"direction": "max", "observations": [{"value": [0.8562368154525757], "step": 5}]}, "val_loss": {"direction": "min", "observations": [{"value": [0.33585304021835327], "step": 5}]}}}, "score": 0.33585304021835327, "best_step": 5, "status": "COMPLETED", "message": null}