{"trial_id": "0018", "hyperparameters": {"space": [{"class_name": "Choice", "config": {"name": "kernel_size_1", "default": 3, "conditions": [], "values": [3, 5, 7], "ordered": true}}, {"class_name": "Choice", "config": {"name": "kernel_size_2", "default": 3, "conditions": [], "values": [3, 5, 7], "ordered": true}}, {"class_name": "Int", "config": {"name": "conv_1_filters", "default": null, "conditions": [], "min_value": 16, "max_value": 64, "step": 16, "sampling": "linear"}}, {"class_name": "Int", "config": {"name": "conv_2_filters", "default": null, "conditions": [], "min_value": 32, "max_value": 128, "step": 32, "sampling": "linear"}}, {"class_name": "Int", "config": {"name": "dense_units", "default": null, "conditions": [], "min_value": 32, "max_value": 128, "step": 32, "sampling": "linear"}}, {"class_name": "Float", "config": {"name": "dropout_rate", "default": 0.2, "conditions": [], "min_value": 0.2, "max_value": 0.5, "step": 0.1, "sampling": "linear"}}], "values": {"kernel_size_1": 5, "kernel_size_2": 3, "conv_1_filters": 48, "conv_2_filters": 64, "dense_units": 128, "dropout_rate": 0.30000000000000004, "tuner/epochs": 7, "tuner/initial_epoch": 0, "tuner/bracket": 1, "tuner/round": 0}}, "metrics": {"metrics": {"AUC": {"direction": "max", "observations": [{"value": [0.7759044766426086], "step": 4}]}, "Precision": {"direction": "max", "observations": [{"value": [0.720315158367157], "step": 4}]}, "Recall": {"direction": "max", "observations": [{"value": [0.9377289414405823], "step": 4}]}, "accuracy": {"direction": "max", "observations": [{"value": [0.7127344608306885], "step": 4}]}, "loss": {"direction": "min", "observations": [{"value": [0.4990960955619812], "step": 4}]}, "val_AUC": {"direction": "max", "observations": [{"value": [0.8446439504623413], "step": 4}]}, "val_Precision": {"direction": "max", "observations": [{"value": [0.9098360538482666], "step": 4}]}, "val_Recall": {"direction": "max", "observations": [{"value": [0.6873065233230591], "step": 4}]}, "val_accuracy": {"direction": "max", "observations": [{"value": [0.7399576902389526], "step": 4}]}, "val_loss": {"direction": "min", "observations": [{"value": [0.4766504466533661], "step": 4}]}}}, "score": 0.4766504466533661, "best_step": 4, "status": "COMPLETED", "message": null}