{"trial_id": "0028", "hyperparameters": {"space": [{"class_name": "Choice", "config": {"name": "kernel_size_1", "default": 3, "conditions": [], "values": [3, 5, 7], "ordered": true}}, {"class_name": "Choice", "config": {"name": "filters_1", "default": 32, "conditions": [], "values": [32, 64, 128], "ordered": true}}, {"class_name": "Choice", "config": {"name": "kernel_size_2", "default": 3, "conditions": [], "values": [3, 5, 7], "ordered": true}}, {"class_name": "Choice", "config": {"name": "filters_2", "default": 64, "conditions": [], "values": [64, 128, 256], "ordered": true}}, {"class_name": "Choice", "config": {"name": "kernel_size_3", "default": 3, "conditions": [], "values": [3, 5, 7], "ordered": true}}, {"class_name": "Choice", "config": {"name": "filters_3", "default": 128, "conditions": [], "values": [128, 256, 512], "ordered": true}}, {"class_name": "Int", "config": {"name": "dense_1_units", "default": null, "conditions": [], "min_value": 64, "max_value": 256, "step": 64, "sampling": "linear"}}, {"class_name": "Float", "config": {"name": "dropout_1", "default": 0.3, "conditions": [], "min_value": 0.3, "max_value": 0.7, "step": 0.1, "sampling": "linear"}}, {"class_name": "Int", "config": {"name": "dense_2_units", "default": null, "conditions": [], "min_value": 32, "max_value": 128, "step": 32, "sampling": "linear"}}, {"class_name": "Float", "config": {"name": "dropout_2", "default": 0.3, "conditions": [], "min_value": 0.3, "max_value": 0.7, "step": 0.1, "sampling": "linear"}}], "values": {"kernel_size_1": 5, "filters_1": 64, "kernel_size_2": 7, "filters_2": 128, "kernel_size_3": 5, "filters_3": 256, "dense_1_units": 192, "dropout_1": 0.4, "dense_2_units": 128, "dropout_2": 0.5, "tuner/epochs": 2, "tuner/initial_epoch": 0, "tuner/bracket": 3, "tuner/round": 0}}, "metrics": {"metrics": {"AUC": {"direction": "max", "observations": [{"value": [0.6506137251853943], "step": 1}]}, "Precision": {"direction": "max", "observations": [{"value": [0.6732673048973083], "step": 1}]}, "Recall": {"direction": "max", "observations": [{"value": [0.9963369965553284], "step": 1}]}, "accuracy": {"direction": "max", "observations": [{"value": [0.6717670559883118], "step": 1}]}, "loss": {"direction": "min", "observations": [{"value": [0.5678576231002808], "step": 1}]}, "val_AUC": {"direction": "max", "observations": [{"value": [0.6947265267372131], "step": 1}]}, "val_Precision": {"direction": "max", "observations": [{"value": [0.6828752756118774], "step": 1}]}, "val_Recall": {"direction": "max", "observations": [{"value": [1.0], "step": 1}]}, "val_accuracy": {"direction": "max", "observations": [{"value": [0.6828752756118774], "step": 1}]}, "val_loss": {"direction": "min", "observations": [{"value": [0.552211344242096], "step": 1}]}}}, "score": 0.552211344242096, "best_step": 1, "status": "COMPLETED", "message": null}