{"trial_id": "0028", "hyperparameters": {"space": [{"class_name": "Choice", "config": {"name": "kernel_size_1", "default": 3, "conditions": [], "values": [3, 5, 7], "ordered": true}}, {"class_name": "Choice", "config": {"name": "kernel_size_2", "default": 3, "conditions": [], "values": [3, 5, 7], "ordered": true}}, {"class_name": "Int", "config": {"name": "conv_1_filters", "default": null, "conditions": [], "min_value": 16, "max_value": 64, "step": 16, "sampling": "linear"}}, {"class_name": "Int", "config": {"name": "conv_2_filters", "default": null, "conditions": [], "min_value": 32, "max_value": 128, "step": 32, "sampling": "linear"}}, {"class_name": "Int", "config": {"name": "dense_units", "default": null, "conditions": [], "min_value": 32, "max_value": 128, "step": 32, "sampling": "linear"}}, {"class_name": "Float", "config": {"name": "dropout_rate", "default": 0.2, "conditions": [], "min_value": 0.2, "max_value": 0.5, "step": 0.1, "sampling": "linear"}}], "values": {"kernel_size_1": 7, "kernel_size_2": 3, "conv_1_filters": 48, "conv_2_filters": 128, "dense_units": 128, "dropout_rate": 0.30000000000000004, "tuner/epochs": 20, "tuner/initial_epoch": 0, "tuner/bracket": 0, "tuner/round": 0}}, "metrics": {"metrics": {"AUC": {"direction": "max", "observations": [{"value": [0.9252331852912903], "step": 11}]}, "Precision": {"direction": "max", "observations": [{"value": [0.8844476938247681], "step": 11}]}, "Recall": {"direction": "max", "observations": [{"value": [0.8915750980377197], "step": 11}]}, "accuracy": {"direction": "max", "observations": [{"value": [0.8484699130058289], "step": 11}]}, "loss": {"direction": "min", "observations": [{"value": [0.3206826150417328], "step": 11}]}, "val_AUC": {"direction": "max", "observations": [{"value": [0.9085552096366882], "step": 11}]}, "val_Precision": {"direction": "max", "observations": [{"value": [0.9118643999099731], "step": 11}]}, "val_Recall": {"direction": "max", "observations": [{"value": [0.8328173160552979], "step": 11}]}, "val_accuracy": {"direction": "max", "observations": [{"value": [0.830866813659668], "step": 11}]}, "val_loss": {"direction": "min", "observations": [{"value": [0.34832096099853516], "step": 11}]}}}, "score": 0.34832096099853516, "best_step": 11, "status": "COMPLETED", "message": null}