{"trial_id": "0013", "hyperparameters": {"space": [{"class_name": "Choice", "config": {"name": "kernel_size_1", "default": 3, "conditions": [], "values": [3, 5, 7], "ordered": true}}, {"class_name": "Choice", "config": {"name": "kernel_size_2", "default": 3, "conditions": [], "values": [3, 5, 7], "ordered": true}}, {"class_name": "Int", "config": {"name": "conv_1_filters", "default": null, "conditions": [], "min_value": 16, "max_value": 64, "step": 16, "sampling": "linear"}}, {"class_name": "Int", "config": {"name": "conv_2_filters", "default": null, "conditions": [], "min_value": 32, "max_value": 128, "step": 32, "sampling": "linear"}}, {"class_name": "Int", "config": {"name": "dense_units", "default": null, "conditions": [], "min_value": 32, "max_value": 128, "step": 32, "sampling": "linear"}}, {"class_name": "Float", "config": {"name": "dropout_rate", "default": 0.2, "conditions": [], "min_value": 0.2, "max_value": 0.5, "step": 0.1, "sampling": "linear"}}], "values": {"kernel_size_1": 7, "kernel_size_2": 5, "conv_1_filters": 32, "conv_2_filters": 32, "dense_units": 32, "dropout_rate": 0.4, "tuner/epochs": 7, "tuner/initial_epoch": 3, "tuner/bracket": 2, "tuner/round": 1, "tuner/trial_id": "0007"}}, "metrics": {"metrics": {"AUC": {"direction": "max", "observations": [{"value": [0.6916117072105408], "step": 3}]}, "Precision": {"direction": "max", "observations": [{"value": [0.6774837970733643], "step": 3}]}, "Recall": {"direction": "max", "observations": [{"value": [0.9941391944885254], "step": 3}]}, "accuracy": {"direction": "max", "observations": [{"value": [0.6771964430809021], "step": 3}]}, "loss": {"direction": "min", "observations": [{"value": [0.5478192567825317], "step": 3}]}, "val_AUC": {"direction": "max", "observations": [{"value": [0.7096284627914429], "step": 3}]}, "val_Precision": {"direction": "max", "observations": [{"value": [0.6828752756118774], "step": 3}]}, "val_Recall": {"direction": "max", "observations": [{"value": [1.0], "step": 3}]}, "val_accuracy": {"direction": "max", "observations": [{"value": [0.6828752756118774], "step": 3}]}, "val_loss": {"direction": "min", "observations": [{"value": [0.5122070908546448], "step": 3}]}}}, "score": 0.5122070908546448, "best_step": 3, "status": "COMPLETED", "message": null}