{"trial_id": "0010", "hyperparameters": {"space": [{"class_name": "Choice", "config": {"name": "kernel_size_1", "default": 3, "conditions": [], "values": [3, 5, 7], "ordered": true}}, {"class_name": "Choice", "config": {"name": "kernel_size_2", "default": 3, "conditions": [], "values": [3, 5, 7], "ordered": true}}, {"class_name": "Int", "config": {"name": "conv_1_filters", "default": null, "conditions": [], "min_value": 16, "max_value": 64, "step": 16, "sampling": "linear"}}, {"class_name": "Int", "config": {"name": "conv_2_filters", "default": null, "conditions": [], "min_value": 32, "max_value": 128, "step": 32, "sampling": "linear"}}, {"class_name": "Int", "config": {"name": "dense_units", "default": null, "conditions": [], "min_value": 32, "max_value": 128, "step": 32, "sampling": "linear"}}, {"class_name": "Float", "config": {"name": "dropout_rate", "default": 0.2, "conditions": [], "min_value": 0.2, "max_value": 0.5, "step": 0.1, "sampling": "linear"}}], "values": {"kernel_size_1": 3, "kernel_size_2": 7, "conv_1_filters": 32, "conv_2_filters": 96, "dense_units": 128, "dropout_rate": 0.4, "tuner/epochs": 3, "tuner/initial_epoch": 0, "tuner/bracket": 2, "tuner/round": 0}}, "metrics": {"metrics": {"AUC": {"direction": "max", "observations": [{"value": [0.6738918423652649], "step": 2}]}, "Precision": {"direction": "max", "observations": [{"value": [0.6749134063720703], "step": 2}]}, "Recall": {"direction": "max", "observations": [{"value": [0.9992673993110657], "step": 2}]}, "accuracy": {"direction": "max", "observations": [{"value": [0.6752220988273621], "step": 2}]}, "loss": {"direction": "min", "observations": [{"value": [0.5561708807945251], "step": 2}]}, "val_AUC": {"direction": "max", "observations": [{"value": [0.7242414951324463], "step": 2}]}, "val_Precision": {"direction": "max", "observations": [{"value": [0.6843220591545105], "step": 2}]}, "val_Recall": {"direction": "max", "observations": [{"value": [1.0], "step": 2}]}, "val_accuracy": {"direction": "max", "observations": [{"value": [0.6849894523620605], "step": 2}]}, "val_loss": {"direction": "min", "observations": [{"value": [0.5425258874893188], "step": 2}]}}}, "score": 0.5425258874893188, "best_step": 2, "status": "COMPLETED", "message": null}