{"trial_id": "0005", "hyperparameters": {"space": [{"class_name": "Choice", "config": {"name": "kernel_size_1", "default": 3, "conditions": [], "values": [3, 5, 7], "ordered": true}}, {"class_name": "Choice", "config": {"name": "kernel_size_2", "default": 3, "conditions": [], "values": [3, 5, 7], "ordered": true}}, {"class_name": "Int", "config": {"name": "conv_1_filters", "default": null, "conditions": [], "min_value": 16, "max_value": 64, "step": 16, "sampling": "linear"}}, {"class_name": "Int", "config": {"name": "conv_2_filters", "default": null, "conditions": [], "min_value": 32, "max_value": 128, "step": 32, "sampling": "linear"}}, {"class_name": "Int", "config": {"name": "dense_units", "default": null, "conditions": [], "min_value": 32, "max_value": 128, "step": 32, "sampling": "linear"}}, {"class_name": "Float", "config": {"name": "dropout_rate", "default": 0.2, "conditions": [], "min_value": 0.2, "max_value": 0.5, "step": 0.1, "sampling": "linear"}}], "values": {"kernel_size_1": 7, "kernel_size_2": 5, "conv_1_filters": 64, "conv_2_filters": 96, "dense_units": 128, "dropout_rate": 0.2, "tuner/epochs": 3, "tuner/initial_epoch": 0, "tuner/bracket": 2, "tuner/round": 0}}, "metrics": {"metrics": {"AUC": {"direction": "max", "observations": [{"value": [0.6089226007461548], "step": 0}]}, "Precision": {"direction": "max", "observations": [{"value": [0.6746411323547363], "step": 0}]}, "Recall": {"direction": "max", "observations": [{"value": [0.9296703338623047], "step": 0}]}, "accuracy": {"direction": "max", "observations": [{"value": [0.6505429148674011], "step": 0}]}, "loss": {"direction": "min", "observations": [{"value": [0.823479413986206], "step": 0}]}, "val_AUC": {"direction": "max", "observations": [{"value": [0.6958514451980591], "step": 0}]}, "val_Precision": {"direction": "max", "observations": [{"value": [0.6828752756118774], "step": 0}]}, "val_Recall": {"direction": "max", "observations": [{"value": [1.0], "step": 0}]}, "val_accuracy": {"direction": "max", "observations": [{"value": [0.6828752756118774], "step": 0}]}, "val_loss": {"direction": "min", "observations": [{"value": [0.5516563057899475], "step": 0}]}}}, "score": 0.5516563057899475, "best_step": 0, "status": "COMPLETED", "message": null}