{"trial_id": "0017", "hyperparameters": {"space": [{"class_name": "Choice", "config": {"name": "kernel_size_1", "default": 3, "conditions": [], "values": [3, 5, 7], "ordered": true}}, {"class_name": "Choice", "config": {"name": "kernel_size_2", "default": 3, "conditions": [], "values": [3, 5, 7], "ordered": true}}, {"class_name": "Int", "config": {"name": "conv_1_filters", "default": null, "conditions": [], "min_value": 16, "max_value": 64, "step": 16, "sampling": "linear"}}, {"class_name": "Int", "config": {"name": "conv_2_filters", "default": null, "conditions": [], "min_value": 32, "max_value": 128, "step": 32, "sampling": "linear"}}, {"class_name": "Int", "config": {"name": "dense_units", "default": null, "conditions": [], "min_value": 32, "max_value": 128, "step": 32, "sampling": "linear"}}, {"class_name": "Float", "config": {"name": "dropout_rate", "default": 0.2, "conditions": [], "min_value": 0.2, "max_value": 0.5, "step": 0.1, "sampling": "linear"}}], "values": {"kernel_size_1": 3, "kernel_size_2": 5, "conv_1_filters": 48, "conv_2_filters": 32, "dense_units": 64, "dropout_rate": 0.30000000000000004, "tuner/epochs": 20, "tuner/initial_epoch": 7, "tuner/bracket": 2, "tuner/round": 2, "tuner/trial_id": "0015"}}, "metrics": {"metrics": {"AUC": {"direction": "max", "observations": [{"value": [0.9549223184585571], "step": 11}]}, "Precision": {"direction": "max", "observations": [{"value": [0.9166666865348816], "step": 11}]}, "Recall": {"direction": "max", "observations": [{"value": [0.9106227159500122], "step": 11}]}, "accuracy": {"direction": "max", "observations": [{"value": [0.8840078711509705], "step": 11}]}, "loss": {"direction": "min", "observations": [{"value": [0.2554771602153778], "step": 11}]}, "val_AUC": {"direction": "max", "observations": [{"value": [0.94766765832901], "step": 11}]}, "val_Precision": {"direction": "max", "observations": [{"value": [0.8978978991508484], "step": 11}]}, "val_Recall": {"direction": "max", "observations": [{"value": [0.925696611404419], "step": 11}]}, "val_accuracy": {"direction": "max", "observations": [{"value": [0.8773784637451172], "step": 11}]}, "val_loss": {"direction": "min", "observations": [{"value": [0.27847665548324585], "step": 11}]}}}, "score": 0.27847665548324585, "best_step": 11, "status": "COMPLETED", "message": null}