{"trial_id": "0048", "hyperparameters": {"space": [{"class_name": "Choice", "config": {"name": "kernel_size_1", "default": 3, "conditions": [], "values": [3, 5, 7], "ordered": true}}, {"class_name": "Choice", "config": {"name": "filters_1", "default": 32, "conditions": [], "values": [32, 64, 128], "ordered": true}}, {"class_name": "Choice", "config": {"name": "kernel_size_2", "default": 3, "conditions": [], "values": [3, 5, 7], "ordered": true}}, {"class_name": "Choice", "config": {"name": "filters_2", "default": 64, "conditions": [], "values": [64, 128, 256], "ordered": true}}, {"class_name": "Choice", "config": {"name": "kernel_size_3", "default": 3, "conditions": [], "values": [3, 5, 7], "ordered": true}}, {"class_name": "Choice", "config": {"name": "filters_3", "default": 128, "conditions": [], "values": [128, 256, 512], "ordered": true}}, {"class_name": "Int", "config": {"name": "dense_1_units", "default": null, "conditions": [], "min_value": 64, "max_value": 256, "step": 64, "sampling": "linear"}}, {"class_name": "Float", "config": {"name": "dropout_1", "default": 0.3, "conditions": [], "min_value": 0.3, "max_value": 0.7, "step": 0.1, "sampling": "linear"}}, {"class_name": "Int", "config": {"name": "dense_2_units", "default": null, "conditions": [], "min_value": 32, "max_value": 128, "step": 32, "sampling": "linear"}}, {"class_name": "Float", "config": {"name": "dropout_2", "default": 0.3, "conditions": [], "min_value": 0.3, "max_value": 0.7, "step": 0.1, "sampling": "linear"}}], "values": {"kernel_size_1": 5, "filters_1": 64, "kernel_size_2": 7, "filters_2": 128, "kernel_size_3": 5, "filters_3": 256, "dense_1_units": 192, "dropout_1": 0.4, "dense_2_units": 128, "dropout_2": 0.5, "tuner/epochs": 10, "tuner/initial_epoch": 4, "tuner/bracket": 3, "tuner/round": 2, "tuner/trial_id": "0044"}}, "metrics": {"metrics": {"AUC": {"direction": "max", "observations": [{"value": [0.9009304046630859], "step": 5}]}, "Precision": {"direction": "max", "observations": [{"value": [0.8566359281539917], "step": 5}]}, "Recall": {"direction": "max", "observations": [{"value": [0.8842490911483765], "step": 5}]}, "accuracy": {"direction": "max", "observations": [{"value": [0.8223099708557129], "step": 5}]}, "loss": {"direction": "min", "observations": [{"value": [0.36846020817756653], "step": 5}]}, "val_AUC": {"direction": "max", "observations": [{"value": [0.9336428642272949], "step": 5}]}, "val_Precision": {"direction": "max", "observations": [{"value": [0.956204354763031], "step": 5}]}, "val_Recall": {"direction": "max", "observations": [{"value": [0.8111454844474792], "step": 5}]}, "val_accuracy": {"direction": "max", "observations": [{"value": [0.8456659913063049], "step": 5}]}, "val_loss": {"direction": "min", "observations": [{"value": [0.33036866784095764], "step": 5}]}}}, "score": 0.33036866784095764, "best_step": 5, "status": "COMPLETED", "message": null}