{"trial_id": "0056", "hyperparameters": {"space": [{"class_name": "Choice", "config": {"name": "kernel_size_1", "default": 3, "conditions": [], "values": [3, 5, 7], "ordered": true}}, {"class_name": "Choice", "config": {"name": "filters_1", "default": 32, "conditions": [], "values": [32, 64, 128], "ordered": true}}, {"class_name": "Choice", "config": {"name": "kernel_size_2", "default": 3, "conditions": [], "values": [3, 5, 7], "ordered": true}}, {"class_name": "Choice", "config": {"name": "filters_2", "default": 64, "conditions": [], "values": [64, 128, 256], "ordered": true}}, {"class_name": "Choice", "config": {"name": "kernel_size_3", "default": 3, "conditions": [], "values": [3, 5, 7], "ordered": true}}, {"class_name": "Choice", "config": {"name": "filters_3", "default": 128, "conditions": [], "values": [128, 256, 512], "ordered": true}}, {"class_name": "Int", "config": {"name": "dense_1_units", "default": null, "conditions": [], "min_value": 64, "max_value": 256, "step": 64, "sampling": "linear"}}, {"class_name": "Float", "config": {"name": "dropout_1", "default": 0.3, "conditions": [], "min_value": 0.3, "max_value": 0.7, "step": 0.1, "sampling": "linear"}}, {"class_name": "Int", "config": {"name": "dense_2_units", "default": null, "conditions": [], "min_value": 32, "max_value": 128, "step": 32, "sampling": "linear"}}, {"class_name": "Float", "config": {"name": "dropout_2", "default": 0.3, "conditions": [], "min_value": 0.3, "max_value": 0.7, "step": 0.1, "sampling": "linear"}}], "values": {"kernel_size_1": 5, "filters_1": 128, "kernel_size_2": 7, "filters_2": 256, "kernel_size_3": 7, "filters_3": 512, "dense_1_units": 64, "dropout_1": 0.5, "dense_2_units": 128, "dropout_2": 0.6000000000000001, "tuner/epochs": 4, "tuner/initial_epoch": 0, "tuner/bracket": 2, "tuner/round": 0}}, "metrics": {"metrics": {"AUC": {"direction": "max", "observations": [{"value": [0.6151923537254333], "step": 3}]}, "Precision": {"direction": "max", "observations": [{"value": [0.6731246709823608], "step": 3}]}, "Recall": {"direction": "max", "observations": [{"value": [0.9926739931106567], "step": 3}]}, "accuracy": {"direction": "max", "observations": [{"value": [0.6702862977981567], "step": 3}]}, "loss": {"direction": "min", "observations": [{"value": [0.5841528177261353], "step": 3}]}, "val_AUC": {"direction": "max", "observations": [{"value": [0.635871946811676], "step": 3}]}, "val_Precision": {"direction": "max", "observations": [{"value": [0.6828752756118774], "step": 3}]}, "val_Recall": {"direction": "max", "observations": [{"value": [1.0], "step": 3}]}, "val_accuracy": {"direction": "max", "observations": [{"value": [0.6828752756118774], "step": 3}]}, "val_loss": {"direction": "min", "observations": [{"value": [0.5611408352851868], "step": 3}]}}}, "score": 0.5611408352851868, "best_step": 3, "status": "COMPLETED", "message": null}