{"trial_id": "0073", "hyperparameters": {"space": [{"class_name": "Choice", "config": {"name": "kernel_size_1", "default": 3, "conditions": [], "values": [3, 5, 7], "ordered": true}}, {"class_name": "Choice", "config": {"name": "filters_1", "default": 32, "conditions": [], "values": [32, 64, 128], "ordered": true}}, {"class_name": "Choice", "config": {"name": "kernel_size_2", "default": 3, "conditions": [], "values": [3, 5, 7], "ordered": true}}, {"class_name": "Choice", "config": {"name": "filters_2", "default": 64, "conditions": [], "values": [64, 128, 256], "ordered": true}}, {"class_name": "Choice", "config": {"name": "kernel_size_3", "default": 3, "conditions": [], "values": [3, 5, 7], "ordered": true}}, {"class_name": "Choice", "config": {"name": "filters_3", "default": 128, "conditions": [], "values": [128, 256, 512], "ordered": true}}, {"class_name": "Int", "config": {"name": "dense_1_units", "default": null, "conditions": [], "min_value": 64, "max_value": 256, "step": 64, "sampling": "linear"}}, {"class_name": "Float", "config": {"name": "dropout_1", "default": 0.3, "conditions": [], "min_value": 0.3, "max_value": 0.7, "step": 0.1, "sampling": "linear"}}, {"class_name": "Int", "config": {"name": "dense_2_units", "default": null, "conditions": [], "min_value": 32, "max_value": 128, "step": 32, "sampling": "linear"}}, {"class_name": "Float", "config": {"name": "dropout_2", "default": 0.3, "conditions": [], "min_value": 0.3, "max_value": 0.7, "step": 0.1, "sampling": "linear"}}], "values": {"kernel_size_1": 5, "filters_1": 32, "kernel_size_2": 7, "filters_2": 256, "kernel_size_3": 3, "filters_3": 512, "dense_1_units": 128, "dropout_1": 0.4, "dense_2_units": 128, "dropout_2": 0.3, "tuner/epochs": 30, "tuner/initial_epoch": 10, "tuner/bracket": 2, "tuner/round": 2, "tuner/trial_id": "0068"}}, "metrics": {"metrics": {"AUC": {"direction": "max", "observations": [{"value": [0.9513247609138489], "step": 0}]}, "Precision": {"direction": "max", "observations": [{"value": [0.9178386330604553], "step": 0}]}, "Recall": {"direction": "max", "observations": [{"value": [0.9084249138832092], "step": 0}]}, "accuracy": {"direction": "max", "observations": [{"value": [0.8835142850875854], "step": 0}]}, "loss": {"direction": "min", "observations": [{"value": [0.26283717155456543], "step": 0}]}, "val_AUC": {"direction": "max", "observations": [{"value": [0.952487051486969], "step": 0}]}, "val_Precision": {"direction": "max", "observations": [{"value": [0.9238095283508301], "step": 0}]}, "val_Recall": {"direction": "max", "observations": [{"value": [0.900928795337677], "step": 0}]}, "val_accuracy": {"direction": "max", "observations": [{"value": [0.8816067576408386], "step": 0}]}, "val_loss": {"direction": "min", "observations": [{"value": [0.2584461569786072], "step": 0}]}}}, "score": 0.2584461569786072, "best_step": 0, "status": "COMPLETED", "message": null}