{"trial_id": "0065", "hyperparameters": {"space": [{"class_name": "Choice", "config": {"name": "kernel_size_1", "default": 3, "conditions": [], "values": [3, 5, 7], "ordered": true}}, {"class_name": "Choice", "config": {"name": "filters_1", "default": 32, "conditions": [], "values": [32, 64, 128], "ordered": true}}, {"class_name": "Choice", "config": {"name": "kernel_size_2", "default": 3, "conditions": [], "values": [3, 5, 7], "ordered": true}}, {"class_name": "Choice", "config": {"name": "filters_2", "default": 64, "conditions": [], "values": [64, 128, 256], "ordered": true}}, {"class_name": "Choice", "config": {"name": "kernel_size_3", "default": 3, "conditions": [], "values": [3, 5, 7], "ordered": true}}, {"class_name": "Choice", "config": {"name": "filters_3", "default": 128, "conditions": [], "values": [128, 256, 512], "ordered": true}}, {"class_name": "Int", "config": {"name": "dense_1_units", "default": null, "conditions": [], "min_value": 64, "max_value": 256, "step": 64, "sampling": "linear"}}, {"class_name": "Float", "config": {"name": "dropout_1", "default": 0.3, "conditions": [], "min_value": 0.3, "max_value": 0.7, "step": 0.1, "sampling": "linear"}}, {"class_name": "Int", "config": {"name": "dense_2_units", "default": null, "conditions": [], "min_value": 32, "max_value": 128, "step": 32, "sampling": "linear"}}, {"class_name": "Float", "config": {"name": "dropout_2", "default": 0.3, "conditions": [], "min_value": 0.3, "max_value": 0.7, "step": 0.1, "sampling": "linear"}}], "values": {"kernel_size_1": 5, "filters_1": 128, "kernel_size_2": 3, "filters_2": 256, "kernel_size_3": 7, "filters_3": 512, "dense_1_units": 128, "dropout_1": 0.6000000000000001, "dense_2_units": 96, "dropout_2": 0.6000000000000001, "tuner/epochs": 4, "tuner/initial_epoch": 0, "tuner/bracket": 2, "tuner/round": 0}}, "metrics": {"metrics": {"AUC": {"direction": "max", "observations": [{"value": [0.6522296667098999], "step": 2}]}, "Precision": {"direction": "max", "observations": [{"value": [0.6735802292823792], "step": 2}]}, "Recall": {"direction": "max", "observations": [{"value": [0.9992673993110657], "step": 2}]}, "accuracy": {"direction": "max", "observations": [{"value": [0.673247754573822], "step": 2}]}, "loss": {"direction": "min", "observations": [{"value": [0.5620834827423096], "step": 2}]}, "val_AUC": {"direction": "max", "observations": [{"value": [0.6820743083953857], "step": 2}]}, "val_Precision": {"direction": "max", "observations": [{"value": [0.6828752756118774], "step": 2}]}, "val_Recall": {"direction": "max", "observations": [{"value": [1.0], "step": 2}]}, "val_accuracy": {"direction": "max", "observations": [{"value": [0.6828752756118774], "step": 2}]}, "val_loss": {"direction": "min", "observations": [{"value": [0.546904981136322], "step": 2}]}}}, "score": 0.546904981136322, "best_step": 2, "status": "COMPLETED", "message": null}