{"trial_id": "0077", "hyperparameters": {"space": [{"class_name": "Choice", "config": {"name": "kernel_size_1", "default": 3, "conditions": [], "values": [3, 5, 7], "ordered": true}}, {"class_name": "Choice", "config": {"name": "filters_1", "default": 32, "conditions": [], "values": [32, 64, 128], "ordered": true}}, {"class_name": "Choice", "config": {"name": "kernel_size_2", "default": 3, "conditions": [], "values": [3, 5, 7], "ordered": true}}, {"class_name": "Choice", "config": {"name": "filters_2", "default": 64, "conditions": [], "values": [64, 128, 256], "ordered": true}}, {"class_name": "Choice", "config": {"name": "kernel_size_3", "default": 3, "conditions": [], "values": [3, 5, 7], "ordered": true}}, {"class_name": "Choice", "config": {"name": "filters_3", "default": 128, "conditions": [], "values": [128, 256, 512], "ordered": true}}, {"class_name": "Int", "config": {"name": "dense_1_units", "default": null, "conditions": [], "min_value": 64, "max_value": 256, "step": 64, "sampling": "linear"}}, {"class_name": "Float", "config": {"name": "dropout_1", "default": 0.3, "conditions": [], "min_value": 0.3, "max_value": 0.7, "step": 0.1, "sampling": "linear"}}, {"class_name": "Int", "config": {"name": "dense_2_units", "default": null, "conditions": [], "min_value": 32, "max_value": 128, "step": 32, "sampling": "linear"}}, {"class_name": "Float", "config": {"name": "dropout_2", "default": 0.3, "conditions": [], "min_value": 0.3, "max_value": 0.7, "step": 0.1, "sampling": "linear"}}], "values": {"kernel_size_1": 7, "filters_1": 32, "kernel_size_2": 3, "filters_2": 128, "kernel_size_3": 3, "filters_3": 512, "dense_1_units": 256, "dropout_1": 0.3, "dense_2_units": 64, "dropout_2": 0.4, "tuner/epochs": 10, "tuner/initial_epoch": 0, "tuner/bracket": 1, "tuner/round": 0}}, "metrics": {"metrics": {"AUC": {"direction": "max", "observations": [{"value": [0.7714274525642395], "step": 8}]}, "Precision": {"direction": "max", "observations": [{"value": [0.7324535250663757], "step": 8}]}, "Recall": {"direction": "max", "observations": [{"value": [0.894505500793457], "step": 8}]}, "accuracy": {"direction": "max", "observations": [{"value": [0.7087857723236084], "step": 8}]}, "loss": {"direction": "min", "observations": [{"value": [0.5007966160774231], "step": 8}]}, "val_AUC": {"direction": "max", "observations": [{"value": [0.8175954818725586], "step": 8}]}, "val_Precision": {"direction": "max", "observations": [{"value": [0.7728531956672668], "step": 8}]}, "val_Recall": {"direction": "max", "observations": [{"value": [0.8637771010398865], "step": 8}]}, "val_accuracy": {"direction": "max", "observations": [{"value": [0.7336152195930481], "step": 8}]}, "val_loss": {"direction": "min", "observations": [{"value": [0.47238439321517944], "step": 8}]}}}, "score": 0.47238439321517944, "best_step": 8, "status": "COMPLETED", "message": null}