{"trial_id": "0078", "hyperparameters": {"space": [{"class_name": "Choice", "config": {"name": "kernel_size_1", "default": 3, "conditions": [], "values": [3, 5, 7], "ordered": true}}, {"class_name": "Choice", "config": {"name": "filters_1", "default": 32, "conditions": [], "values": [32, 64, 128], "ordered": true}}, {"class_name": "Choice", "config": {"name": "kernel_size_2", "default": 3, "conditions": [], "values": [3, 5, 7], "ordered": true}}, {"class_name": "Choice", "config": {"name": "filters_2", "default": 64, "conditions": [], "values": [64, 128, 256], "ordered": true}}, {"class_name": "Choice", "config": {"name": "kernel_size_3", "default": 3, "conditions": [], "values": [3, 5, 7], "ordered": true}}, {"class_name": "Choice", "config": {"name": "filters_3", "default": 128, "conditions": [], "values": [128, 256, 512], "ordered": true}}, {"class_name": "Int", "config": {"name": "dense_1_units", "default": null, "conditions": [], "min_value": 64, "max_value": 256, "step": 64, "sampling": "linear"}}, {"class_name": "Float", "config": {"name": "dropout_1", "default": 0.3, "conditions": [], "min_value": 0.3, "max_value": 0.7, "step": 0.1, "sampling": "linear"}}, {"class_name": "Int", "config": {"name": "dense_2_units", "default": null, "conditions": [], "min_value": 32, "max_value": 128, "step": 32, "sampling": "linear"}}, {"class_name": "Float", "config": {"name": "dropout_2", "default": 0.3, "conditions": [], "min_value": 0.3, "max_value": 0.7, "step": 0.1, "sampling": "linear"}}], "values": {"kernel_size_1": 3, "filters_1": 128, "kernel_size_2": 5, "filters_2": 256, "kernel_size_3": 3, "filters_3": 512, "dense_1_units": 128, "dropout_1": 0.5, "dense_2_units": 96, "dropout_2": 0.5, "tuner/epochs": 10, "tuner/initial_epoch": 0, "tuner/bracket": 1, "tuner/round": 0}}, "metrics": {"metrics": {}}, "score": null, "best_step": 0, "status": "FAILED", "message": "Traceback (most recent call last):\n  File \"e:\\OneDrive\\Pulpit\\BSc-thesis\\.venv\\Lib\\site-packages\\keras_tuner\\src\\engine\\base_tuner.py\", line 274, in _try_run_and_update_trial\n    self._run_and_update_trial(trial, *fit_args, **fit_kwargs)\n  File \"e:\\OneDrive\\Pulpit\\BSc-thesis\\.venv\\Lib\\site-packages\\keras_tuner\\src\\engine\\base_tuner.py\", line 239, in _run_and_update_trial\n    results = self.run_trial(trial, *fit_args, **fit_kwargs)\n              ^^^^^^^^^^^^^^^^^^^^^^^^^^^^^^^^^^^^^^^^^^^^^^\n  File \"e:\\OneDrive\\Pulpit\\BSc-thesis\\.venv\\Lib\\site-packages\\keras_tuner\\src\\tuners\\hyperband.py\", line 427, in run_trial\n    return super().run_trial(trial, *fit_args, **fit_kwargs)\n           ^^^^^^^^^^^^^^^^^^^^^^^^^^^^^^^^^^^^^^^^^^^^^^^^^\n  File \"e:\\OneDrive\\Pulpit\\BSc-thesis\\.venv\\Lib\\site-packages\\keras_tuner\\src\\engine\\tuner.py\", line 314, in run_trial\n    obj_value = self._build_and_fit_model(trial, *args, **copied_kwargs)\n                ^^^^^^^^^^^^^^^^^^^^^^^^^^^^^^^^^^^^^^^^^^^^^^^^^^^^^^^^\n  File \"e:\\OneDrive\\Pulpit\\BSc-thesis\\.venv\\Lib\\site-packages\\keras_tuner\\src\\engine\\tuner.py\", line 233, in _build_and_fit_model\n    results = self.hypermodel.fit(hp, model, *args, **kwargs)\n              ^^^^^^^^^^^^^^^^^^^^^^^^^^^^^^^^^^^^^^^^^^^^^^^\n  File \"e:\\OneDrive\\Pulpit\\BSc-thesis\\.venv\\Lib\\site-packages\\keras_tuner\\src\\engine\\hypermodel.py\", line 149, in fit\n    return model.fit(*args, **kwargs)\n           ^^^^^^^^^^^^^^^^^^^^^^^^^^\n  File \"e:\\OneDrive\\Pulpit\\BSc-thesis\\.venv\\Lib\\site-packages\\keras\\src\\utils\\traceback_utils.py\", line 122, in error_handler\n    raise e.with_traceback(filtered_tb) from None\n  File \"e:\\OneDrive\\Pulpit\\BSc-thesis\\.venv\\Lib\\site-packages\\tensorflow\\python\\eager\\execute.py\", line 59, in quick_execute\n    except TypeError as e:\ntensorflow.python.framework.errors_impl.AbortedError: Graph execution error:\n\nDetected at node StatefulPartitionedCall/sequential_1/conv2d_1_2/Relu defined at (most recent call last):\n<stack traces unavailable>\nOperation received an exception:Status: 1, message: could not create a memory object, in file tensorflow/core/kernels/mkl/mkl_conv_ops.cc:1112\n\t [[{{node StatefulPartitionedCall/sequential_1/conv2d_1_2/Relu}}]] [Op:__inference_one_step_on_iterator_1025807]\n"}