{"trial_id": "0029", "hyperparameters": {"space": [{"class_name": "Choice", "config": {"name": "kernel_size_1", "default": 3, "conditions": [], "values": [3, 5, 7], "ordered": true}}, {"class_name": "Choice", "config": {"name": "kernel_size_2", "default": 3, "conditions": [], "values": [3, 5, 7], "ordered": true}}, {"class_name": "Int", "config": {"name": "conv_1_filters", "default": null, "conditions": [], "min_value": 16, "max_value": 64, "step": 16, "sampling": "linear"}}, {"class_name": "Int", "config": {"name": "conv_2_filters", "default": null, "conditions": [], "min_value": 32, "max_value": 128, "step": 32, "sampling": "linear"}}, {"class_name": "Int", "config": {"name": "dense_units", "default": null, "conditions": [], "min_value": 32, "max_value": 128, "step": 32, "sampling": "linear"}}, {"class_name": "Float", "config": {"name": "dropout_rate", "default": 0.2, "conditions": [], "min_value": 0.2, "max_value": 0.5, "step": 0.1, "sampling": "linear"}}], "values": {"kernel_size_1": 3, "kernel_size_2": 3, "conv_1_filters": 64, "conv_2_filters": 32, "dense_units": 128, "dropout_rate": 0.4, "tuner/epochs": 20, "tuner/initial_epoch": 0, "tuner/bracket": 0, "tuner/round": 0}}, "metrics": {"metrics": {"AUC": {"direction": "max", "observations": [{"value": [0.8373122215270996], "step": 15}]}, "Precision": {"direction": "max", "observations": [{"value": [0.7777066230773926], "step": 15}]}, "Recall": {"direction": "max", "observations": [{"value": [0.8893772959709167], "step": 15}]}, "accuracy": {"direction": "max", "observations": [{"value": [0.7541954517364502], "step": 15}]}, "loss": {"direction": "min", "observations": [{"value": [0.44259658455848694], "step": 15}]}, "val_AUC": {"direction": "max", "observations": [{"value": [0.9096078276634216], "step": 15}]}, "val_Precision": {"direction": "max", "observations": [{"value": [0.8973509669303894], "step": 15}]}, "val_Recall": {"direction": "max", "observations": [{"value": [0.8390092849731445], "step": 15}]}, "val_accuracy": {"direction": "max", "observations": [{"value": [0.8245242834091187], "step": 15}]}, "val_loss": {"direction": "min", "observations": [{"value": [0.34404319524765015], "step": 15}]}}}, "score": 0.34404319524765015, "best_step": 15, "status": "COMPLETED", "message": null}