{"trial_id": "0069", "hyperparameters": {"space": [{"class_name": "Choice", "config": {"name": "kernel_size_1", "default": 3, "conditions": [], "values": [3, 5, 7], "ordered": true}}, {"class_name": "Choice", "config": {"name": "filters_1", "default": 32, "conditions": [], "values": [32, 64, 128], "ordered": true}}, {"class_name": "Choice", "config": {"name": "kernel_size_2", "default": 3, "conditions": [], "values": [3, 5, 7], "ordered": true}}, {"class_name": "Choice", "config": {"name": "filters_2", "default": 64, "conditions": [], "values": [64, 128, 256], "ordered": true}}, {"class_name": "Choice", "config": {"name": "kernel_size_3", "default": 3, "conditions": [], "values": [3, 5, 7], "ordered": true}}, {"class_name": "Choice", "config": {"name": "filters_3", "default": 128, "conditions": [], "values": [128, 256, 512], "ordered": true}}, {"class_name": "Int", "config": {"name": "dense_1_units", "default": null, "conditions": [], "min_value": 64, "max_value": 256, "step": 64, "sampling": "linear"}}, {"class_name": "Float", "config": {"name": "dropout_1", "default": 0.3, "conditions": [], "min_value": 0.3, "max_value": 0.7, "step": 0.1, "sampling": "linear"}}, {"class_name": "Int", "config": {"name": "dense_2_units", "default": null, "conditions": [], "min_value": 32, "max_value": 128, "step": 32, "sampling": "linear"}}, {"class_name": "Float", "config": {"name": "dropout_2", "default": 0.3, "conditions": [], "min_value": 0.3, "max_value": 0.7, "step": 0.1, "sampling": "linear"}}], "values": {"kernel_size_1": 3, "filters_1": 64, "kernel_size_2": 3, "filters_2": 256, "kernel_size_3": 3, "filters_3": 128, "dense_1_units": 192, "dropout_1": 0.4, "dense_2_units": 64, "dropout_2": 0.6000000000000001, "tuner/epochs": 10, "tuner/initial_epoch": 4, "tuner/bracket": 2, "tuner/round": 1, "tuner/trial_id": "0057"}}, "metrics": {"metrics": {"AUC": {"direction": "max", "observations": [{"value": [0.8101028800010681], "step": 4}]}, "Precision": {"direction": "max", "observations": [{"value": [0.7621419429779053], "step": 4}]}, "Recall": {"direction": "max", "observations": [{"value": [0.89670330286026], "step": 4}]}, "accuracy": {"direction": "max", "observations": [{"value": [0.7418558597564697], "step": 4}]}, "loss": {"direction": "min", "observations": [{"value": [0.4786592721939087], "step": 4}]}, "val_AUC": {"direction": "max", "observations": [{"value": [0.8953766822814941], "step": 4}]}, "val_Precision": {"direction": "max", "observations": [{"value": [0.856249988079071], "step": 4}]}, "val_Recall": {"direction": "max", "observations": [{"value": [0.8482972383499146], "step": 4}]}, "val_accuracy": {"direction": "max", "observations": [{"value": [0.7991543412208557], "step": 4}]}, "val_loss": {"direction": "min", "observations": [{"value": [0.370824933052063], "step": 4}]}}}, "score": 0.370824933052063, "best_step": 4, "status": "COMPLETED", "message": null}