{"trial_id": "0051", "hyperparameters": {"space": [{"class_name": "Choice", "config": {"name": "kernel_size_1", "default": 3, "conditions": [], "values": [3, 5, 7], "ordered": true}}, {"class_name": "Choice", "config": {"name": "filters_1", "default": 32, "conditions": [], "values": [32, 64, 128], "ordered": true}}, {"class_name": "Choice", "config": {"name": "kernel_size_2", "default": 3, "conditions": [], "values": [3, 5, 7], "ordered": true}}, {"class_name": "Choice", "config": {"name": "filters_2", "default": 64, "conditions": [], "values": [64, 128, 256], "ordered": true}}, {"class_name": "Choice", "config": {"name": "kernel_size_3", "default": 3, "conditions": [], "values": [3, 5, 7], "ordered": true}}, {"class_name": "Choice", "config": {"name": "filters_3", "default": 128, "conditions": [], "values": [128, 256, 512], "ordered": true}}, {"class_name": "Int", "config": {"name": "dense_1_units", "default": null, "conditions": [], "min_value": 64, "max_value": 256, "step": 64, "sampling": "linear"}}, {"class_name": "Float", "config": {"name": "dropout_1", "default": 0.3, "conditions": [], "min_value": 0.3, "max_value": 0.7, "step": 0.1, "sampling": "linear"}}, {"class_name": "Int", "config": {"name": "dense_2_units", "default": null, "conditions": [], "min_value": 32, "max_value": 128, "step": 32, "sampling": "linear"}}, {"class_name": "Float", "config": {"name": "dropout_2", "default": 0.3, "conditions": [], "min_value": 0.3, "max_value": 0.7, "step": 0.1, "sampling": "linear"}}], "values": {"kernel_size_1": 3, "filters_1": 128, "kernel_size_2": 5, "filters_2": 128, "kernel_size_3": 7, "filters_3": 256, "dense_1_units": 256, "dropout_1": 0.5, "dense_2_units": 96, "dropout_2": 0.4, "tuner/epochs": 30, "tuner/initial_epoch": 10, "tuner/bracket": 3, "tuner/round": 3, "tuner/trial_id": "0049"}}, "metrics": {"metrics": {"AUC": {"direction": "max", "observations": [{"value": [0.9167512059211731], "step": 0}]}, "Precision": {"direction": "max", "observations": [{"value": [0.8897280693054199], "step": 0}]}, "Recall": {"direction": "max", "observations": [{"value": [0.863003671169281], "step": 0}]}, "accuracy": {"direction": "max", "observations": [{"value": [0.8356367349624634], "step": 0}]}, "loss": {"direction": "min", "observations": [{"value": [0.3345754146575928], "step": 0}]}, "val_AUC": {"direction": "max", "observations": [{"value": [0.9222704768180847], "step": 0}]}, "val_Precision": {"direction": "max", "observations": [{"value": [0.8940809965133667], "step": 0}]}, "val_Recall": {"direction": "max", "observations": [{"value": [0.8885449171066284], "step": 0}]}, "val_accuracy": {"direction": "max", "observations": [{"value": [0.8520084619522095], "step": 0}]}, "val_loss": {"direction": "min", "observations": [{"value": [0.31923213601112366], "step": 0}]}}}, "score": 0.31923213601112366, "best_step": 0, "status": "COMPLETED", "message": null}