{"trial_id": "0076", "hyperparameters": {"space": [{"class_name": "Choice", "config": {"name": "kernel_size_1", "default": 3, "conditions": [], "values": [3, 5, 7], "ordered": true}}, {"class_name": "Choice", "config": {"name": "filters_1", "default": 32, "conditions": [], "values": [32, 64, 128], "ordered": true}}, {"class_name": "Choice", "config": {"name": "kernel_size_2", "default": 3, "conditions": [], "values": [3, 5, 7], "ordered": true}}, {"class_name": "Choice", "config": {"name": "filters_2", "default": 64, "conditions": [], "values": [64, 128, 256], "ordered": true}}, {"class_name": "Choice", "config": {"name": "kernel_size_3", "default": 3, "conditions": [], "values": [3, 5, 7], "ordered": true}}, {"class_name": "Choice", "config": {"name": "filters_3", "default": 128, "conditions": [], "values": [128, 256, 512], "ordered": true}}, {"class_name": "Int", "config": {"name": "dense_1_units", "default": null, "conditions": [], "min_value": 64, "max_value": 256, "step": 64, "sampling": "linear"}}, {"class_name": "Float", "config": {"name": "dropout_1", "default": 0.3, "conditions": [], "min_value": 0.3, "max_value": 0.7, "step": 0.1, "sampling": "linear"}}, {"class_name": "Int", "config": {"name": "dense_2_units", "default": null, "conditions": [], "min_value": 32, "max_value": 128, "step": 32, "sampling": "linear"}}, {"class_name": "Float", "config": {"name": "dropout_2", "default": 0.3, "conditions": [], "min_value": 0.3, "max_value": 0.7, "step": 0.1, "sampling": "linear"}}], "values": {"kernel_size_1": 7, "filters_1": 32, "kernel_size_2": 7, "filters_2": 256, "kernel_size_3": 7, "filters_3": 512, "dense_1_units": 256, "dropout_1": 0.3, "dense_2_units": 32, "dropout_2": 0.5, "tuner/epochs": 10, "tuner/initial_epoch": 0, "tuner/bracket": 1, "tuner/round": 0}}, "metrics": {"metrics": {"AUC": {"direction": "max", "observations": [{"value": [0.6983203291893005], "step": 8}]}, "Precision": {"direction": "max", "observations": [{"value": [0.6760280728340149], "step": 8}]}, "Recall": {"direction": "max", "observations": [{"value": [0.9875457882881165], "step": 8}]}, "accuracy": {"direction": "max", "observations": [{"value": [0.672754168510437], "step": 8}]}, "loss": {"direction": "min", "observations": [{"value": [0.5337244272232056], "step": 8}]}, "val_AUC": {"direction": "max", "observations": [{"value": [0.7418472766876221], "step": 8}]}, "val_Precision": {"direction": "max", "observations": [{"value": [0.6858974099159241], "step": 8}]}, "val_Recall": {"direction": "max", "observations": [{"value": [0.9938080310821533], "step": 8}]}, "val_accuracy": {"direction": "max", "observations": [{"value": [0.6849894523620605], "step": 8}]}, "val_loss": {"direction": "min", "observations": [{"value": [0.49250203371047974], "step": 8}]}}}, "score": 0.49250203371047974, "best_step": 8, "status": "COMPLETED", "message": null}