{"trial_id": "0038", "hyperparameters": {"space": [{"class_name": "Choice", "config": {"name": "kernel_size_1", "default": 3, "conditions": [], "values": [3, 5, 7], "ordered": true}}, {"class_name": "Choice", "config": {"name": "filters_1", "default": 32, "conditions": [], "values": [32, 64, 128], "ordered": true}}, {"class_name": "Choice", "config": {"name": "kernel_size_2", "default": 3, "conditions": [], "values": [3, 5, 7], "ordered": true}}, {"class_name": "Choice", "config": {"name": "filters_2", "default": 64, "conditions": [], "values": [64, 128, 256], "ordered": true}}, {"class_name": "Choice", "config": {"name": "kernel_size_3", "default": 3, "conditions": [], "values": [3, 5, 7], "ordered": true}}, {"class_name": "Choice", "config": {"name": "filters_3", "default": 128, "conditions": [], "values": [128, 256, 512], "ordered": true}}, {"class_name": "Int", "config": {"name": "dense_1_units", "default": null, "conditions": [], "min_value": 64, "max_value": 256, "step": 64, "sampling": "linear"}}, {"class_name": "Float", "config": {"name": "dropout_1", "default": 0.3, "conditions": [], "min_value": 0.3, "max_value": 0.7, "step": 0.1, "sampling": "linear"}}, {"class_name": "Int", "config": {"name": "dense_2_units", "default": null, "conditions": [], "min_value": 32, "max_value": 128, "step": 32, "sampling": "linear"}}, {"class_name": "Float", "config": {"name": "dropout_2", "default": 0.3, "conditions": [], "min_value": 0.3, "max_value": 0.7, "step": 0.1, "sampling": "linear"}}], "values": {"kernel_size_1": 5, "filters_1": 128, "kernel_size_2": 7, "filters_2": 128, "kernel_size_3": 5, "filters_3": 128, "dense_1_units": 192, "dropout_1": 0.4, "dense_2_units": 32, "dropout_2": 0.5, "tuner/epochs": 4, "tuner/initial_epoch": 2, "tuner/bracket": 3, "tuner/round": 1, "tuner/trial_id": "0032"}}, "metrics": {"metrics": {"AUC": {"direction": "max", "observations": [{"value": [0.6284422278404236], "step": 0}]}, "Precision": {"direction": "max", "observations": [{"value": [0.6729810833930969], "step": 0}]}, "Recall": {"direction": "max", "observations": [{"value": [0.9890109896659851], "step": 0}]}, "accuracy": {"direction": "max", "observations": [{"value": [0.6688055396080017], "step": 0}]}, "loss": {"direction": "min", "observations": [{"value": [0.5743160843849182], "step": 0}]}, "val_AUC": {"direction": "max", "observations": [{"value": [0.6553664207458496], "step": 0}]}, "val_Precision": {"direction": "max", "observations": [{"value": [0.6828752756118774], "step": 0}]}, "val_Recall": {"direction": "max", "observations": [{"value": [1.0], "step": 0}]}, "val_accuracy": {"direction": "max", "observations": [{"value": [0.6828752756118774], "step": 0}]}, "val_loss": {"direction": "min", "observations": [{"value": [0.5540928244590759], "step": 0}]}}}, "score": 0.5540928244590759, "best_step": 0, "status": "COMPLETED", "message": null}