{"trial_id": "0074", "hyperparameters": {"space": [{"class_name": "Choice", "config": {"name": "kernel_size_1", "default": 3, "conditions": [], "values": [3, 5, 7], "ordered": true}}, {"class_name": "Choice", "config": {"name": "filters_1", "default": 32, "conditions": [], "values": [32, 64, 128], "ordered": true}}, {"class_name": "Choice", "config": {"name": "kernel_size_2", "default": 3, "conditions": [], "values": [3, 5, 7], "ordered": true}}, {"class_name": "Choice", "config": {"name": "filters_2", "default": 64, "conditions": [], "values": [64, 128, 256], "ordered": true}}, {"class_name": "Choice", "config": {"name": "kernel_size_3", "default": 3, "conditions": [], "values": [3, 5, 7], "ordered": true}}, {"class_name": "Choice", "config": {"name": "filters_3", "default": 128, "conditions": [], "values": [128, 256, 512], "ordered": true}}, {"class_name": "Int", "config": {"name": "dense_1_units", "default": null, "conditions": [], "min_value": 64, "max_value": 256, "step": 64, "sampling": "linear"}}, {"class_name": "Float", "config": {"name": "dropout_1", "default": 0.3, "conditions": [], "min_value": 0.3, "max_value": 0.7, "step": 0.1, "sampling": "linear"}}, {"class_name": "Int", "config": {"name": "dense_2_units", "default": null, "conditions": [], "min_value": 32, "max_value": 128, "step": 32, "sampling": "linear"}}, {"class_name": "Float", "config": {"name": "dropout_2", "default": 0.3, "conditions": [], "min_value": 0.3, "max_value": 0.7, "step": 0.1, "sampling": "linear"}}], "values": {"kernel_size_1": 5, "filters_1": 64, "kernel_size_2": 7, "filters_2": 256, "kernel_size_3": 5, "filters_3": 512, "dense_1_units": 256, "dropout_1": 0.3, "dense_2_units": 32, "dropout_2": 0.6000000000000001, "tuner/epochs": 10, "tuner/initial_epoch": 0, "tuner/bracket": 1, "tuner/round": 0}}, "metrics": {"metrics": {"AUC": {"direction": "max", "observations": [{"value": [0.7756779193878174], "step": 9}]}, "Precision": {"direction": "max", "observations": [{"value": [0.6942949295043945], "step": 9}]}, "Recall": {"direction": "max", "observations": [{"value": [0.9450549483299255], "step": 9}]}, "accuracy": {"direction": "max", "observations": [{"value": [0.6826258897781372], "step": 9}]}, "loss": {"direction": "min", "observations": [{"value": [0.4992384910583496], "step": 9}]}, "val_AUC": {"direction": "max", "observations": [{"value": [0.8681114315986633], "step": 9}]}, "val_Precision": {"direction": "max", "observations": [{"value": [0.73549884557724], "step": 9}]}, "val_Recall": {"direction": "max", "observations": [{"value": [0.9814241528511047], "step": 9}]}, "val_accuracy": {"direction": "max", "observations": [{"value": [0.746300220489502], "step": 9}]}, "val_loss": {"direction": "min", "observations": [{"value": [0.42310604453086853], "step": 9}]}}}, "score": 0.42310604453086853, "best_step": 9, "status": "COMPLETED", "message": null}