{"trial_id": "0015", "hyperparameters": {"space": [{"class_name": "Choice", "config": {"name": "kernel_size_1", "default": 3, "conditions": [], "values": [3, 5, 7], "ordered": true}}, {"class_name": "Choice", "config": {"name": "kernel_size_2", "default": 3, "conditions": [], "values": [3, 5, 7], "ordered": true}}, {"class_name": "Int", "config": {"name": "conv_1_filters", "default": null, "conditions": [], "min_value": 16, "max_value": 64, "step": 16, "sampling": "linear"}}, {"class_name": "Int", "config": {"name": "conv_2_filters", "default": null, "conditions": [], "min_value": 32, "max_value": 128, "step": 32, "sampling": "linear"}}, {"class_name": "Int", "config": {"name": "dense_units", "default": null, "conditions": [], "min_value": 32, "max_value": 128, "step": 32, "sampling": "linear"}}, {"class_name": "Float", "config": {"name": "dropout_rate", "default": 0.2, "conditions": [], "min_value": 0.2, "max_value": 0.5, "step": 0.1, "sampling": "linear"}}], "values": {"kernel_size_1": 3, "kernel_size_2": 5, "conv_1_filters": 48, "conv_2_filters": 32, "dense_units": 64, "dropout_rate": 0.30000000000000004, "tuner/epochs": 7, "tuner/initial_epoch": 3, "tuner/bracket": 2, "tuner/round": 1, "tuner/trial_id": "0009"}}, "metrics": {"metrics": {"AUC": {"direction": "max", "observations": [{"value": [0.7247720956802368], "step": 2}]}, "Precision": {"direction": "max", "observations": [{"value": [0.673741340637207], "step": 2}]}, "Recall": {"direction": "max", "observations": [{"value": [1.0], "step": 2}]}, "accuracy": {"direction": "max", "observations": [{"value": [0.673741340637207], "step": 2}]}, "loss": {"direction": "min", "observations": [{"value": [0.5329806804656982], "step": 2}]}, "val_AUC": {"direction": "max", "observations": [{"value": [0.8277503252029419], "step": 2}]}, "val_Precision": {"direction": "max", "observations": [{"value": [0.6872340440750122], "step": 2}]}, "val_Recall": {"direction": "max", "observations": [{"value": [1.0], "step": 2}]}, "val_accuracy": {"direction": "max", "observations": [{"value": [0.689217746257782], "step": 2}]}, "val_loss": {"direction": "min", "observations": [{"value": [0.49526873230934143], "step": 2}]}}}, "score": 0.49526873230934143, "best_step": 2, "status": "COMPLETED", "message": null}