{"trial_id": "0027", "hyperparameters": {"space": [{"class_name": "Choice", "config": {"name": "kernel_size_1", "default": 3, "conditions": [], "values": [3, 5, 7], "ordered": true}}, {"class_name": "Choice", "config": {"name": "kernel_size_2", "default": 3, "conditions": [], "values": [3, 5, 7], "ordered": true}}, {"class_name": "Int", "config": {"name": "conv_1_filters", "default": null, "conditions": [], "min_value": 16, "max_value": 64, "step": 16, "sampling": "linear"}}, {"class_name": "Int", "config": {"name": "conv_2_filters", "default": null, "conditions": [], "min_value": 32, "max_value": 128, "step": 32, "sampling": "linear"}}, {"class_name": "Int", "config": {"name": "dense_units", "default": null, "conditions": [], "min_value": 32, "max_value": 128, "step": 32, "sampling": "linear"}}, {"class_name": "Float", "config": {"name": "dropout_rate", "default": 0.2, "conditions": [], "min_value": 0.2, "max_value": 0.5, "step": 0.1, "sampling": "linear"}}], "values": {"kernel_size_1": 3, "kernel_size_2": 3, "conv_1_filters": 64, "conv_2_filters": 32, "dense_units": 32, "dropout_rate": 0.4, "tuner/epochs": 20, "tuner/initial_epoch": 0, "tuner/bracket": 0, "tuner/round": 0}}, "metrics": {"metrics": {"AUC": {"direction": "max", "observations": [{"value": [0.733322262763977], "step": 10}]}, "Precision": {"direction": "max", "observations": [{"value": [0.673741340637207], "step": 10}]}, "Recall": {"direction": "max", "observations": [{"value": [1.0], "step": 10}]}, "accuracy": {"direction": "max", "observations": [{"value": [0.673741340637207], "step": 10}]}, "loss": {"direction": "min", "observations": [{"value": [0.5237350463867188], "step": 10}]}, "val_AUC": {"direction": "max", "observations": [{"value": [0.8199896812438965], "step": 10}]}, "val_Precision": {"direction": "max", "observations": [{"value": [0.6828752756118774], "step": 10}]}, "val_Recall": {"direction": "max", "observations": [{"value": [1.0], "step": 10}]}, "val_accuracy": {"direction": "max", "observations": [{"value": [0.6828752756118774], "step": 10}]}, "val_loss": {"direction": "min", "observations": [{"value": [0.4838767647743225], "step": 10}]}}}, "score": 0.4838767647743225, "best_step": 10, "status": "COMPLETED", "message": null}