{"trial_id": "0042", "hyperparameters": {"space": [{"class_name": "Choice", "config": {"name": "kernel_size_1", "default": 3, "conditions": [], "values": [3, 5, 7], "ordered": true}}, {"class_name": "Choice", "config": {"name": "filters_1", "default": 32, "conditions": [], "values": [32, 64, 128], "ordered": true}}, {"class_name": "Choice", "config": {"name": "kernel_size_2", "default": 3, "conditions": [], "values": [3, 5, 7], "ordered": true}}, {"class_name": "Choice", "config": {"name": "filters_2", "default": 64, "conditions": [], "values": [64, 128, 256], "ordered": true}}, {"class_name": "Choice", "config": {"name": "kernel_size_3", "default": 3, "conditions": [], "values": [3, 5, 7], "ordered": true}}, {"class_name": "Choice", "config": {"name": "filters_3", "default": 128, "conditions": [], "values": [128, 256, 512], "ordered": true}}, {"class_name": "Int", "config": {"name": "dense_1_units", "default": null, "conditions": [], "min_value": 64, "max_value": 256, "step": 64, "sampling": "linear"}}, {"class_name": "Float", "config": {"name": "dropout_1", "default": 0.3, "conditions": [], "min_value": 0.3, "max_value": 0.7, "step": 0.1, "sampling": "linear"}}, {"class_name": "Int", "config": {"name": "dense_2_units", "default": null, "conditions": [], "min_value": 32, "max_value": 128, "step": 32, "sampling": "linear"}}, {"class_name": "Float", "config": {"name": "dropout_2", "default": 0.3, "conditions": [], "min_value": 0.3, "max_value": 0.7, "step": 0.1, "sampling": "linear"}}], "values": {"kernel_size_1": 3, "filters_1": 64, "kernel_size_2": 7, "filters_2": 64, "kernel_size_3": 7, "filters_3": 128, "dense_1_units": 192, "dropout_1": 0.4, "dense_2_units": 128, "dropout_2": 0.3, "tuner/epochs": 4, "tuner/initial_epoch": 2, "tuner/bracket": 3, "tuner/round": 1, "tuner/trial_id": "0013"}}, "metrics": {"metrics": {"AUC": {"direction": "max", "observations": [{"value": [0.6663009524345398], "step": 0}]}, "Precision": {"direction": "max", "observations": [{"value": [0.673741340637207], "step": 0}]}, "Recall": {"direction": "max", "observations": [{"value": [1.0], "step": 0}]}, "accuracy": {"direction": "max", "observations": [{"value": [0.673741340637207], "step": 0}]}, "loss": {"direction": "min", "observations": [{"value": [0.5634490251541138], "step": 0}]}, "val_AUC": {"direction": "max", "observations": [{"value": [0.6721464991569519], "step": 0}]}, "val_Precision": {"direction": "max", "observations": [{"value": [0.6828752756118774], "step": 0}]}, "val_Recall": {"direction": "max", "observations": [{"value": [1.0], "step": 0}]}, "val_accuracy": {"direction": "max", "observations": [{"value": [0.6828752756118774], "step": 0}]}, "val_loss": {"direction": "min", "observations": [{"value": [0.5483457446098328], "step": 0}]}}}, "score": 0.5483457446098328, "best_step": 0, "status": "COMPLETED", "message": null}