{"trial_id": "0068", "hyperparameters": {"space": [{"class_name": "Choice", "config": {"name": "kernel_size_1", "default": 3, "conditions": [], "values": [3, 5, 7], "ordered": true}}, {"class_name": "Choice", "config": {"name": "filters_1", "default": 32, "conditions": [], "values": [32, 64, 128], "ordered": true}}, {"class_name": "Choice", "config": {"name": "kernel_size_2", "default": 3, "conditions": [], "values": [3, 5, 7], "ordered": true}}, {"class_name": "Choice", "config": {"name": "filters_2", "default": 64, "conditions": [], "values": [64, 128, 256], "ordered": true}}, {"class_name": "Choice", "config": {"name": "kernel_size_3", "default": 3, "conditions": [], "values": [3, 5, 7], "ordered": true}}, {"class_name": "Choice", "config": {"name": "filters_3", "default": 128, "conditions": [], "values": [128, 256, 512], "ordered": true}}, {"class_name": "Int", "config": {"name": "dense_1_units", "default": null, "conditions": [], "min_value": 64, "max_value": 256, "step": 64, "sampling": "linear"}}, {"class_name": "Float", "config": {"name": "dropout_1", "default": 0.3, "conditions": [], "min_value": 0.3, "max_value": 0.7, "step": 0.1, "sampling": "linear"}}, {"class_name": "Int", "config": {"name": "dense_2_units", "default": null, "conditions": [], "min_value": 32, "max_value": 128, "step": 32, "sampling": "linear"}}, {"class_name": "Float", "config": {"name": "dropout_2", "default": 0.3, "conditions": [], "min_value": 0.3, "max_value": 0.7, "step": 0.1, "sampling": "linear"}}], "values": {"kernel_size_1": 5, "filters_1": 32, "kernel_size_2": 7, "filters_2": 256, "kernel_size_3": 3, "filters_3": 512, "dense_1_units": 128, "dropout_1": 0.4, "dense_2_units": 128, "dropout_2": 0.3, "tuner/epochs": 10, "tuner/initial_epoch": 4, "tuner/bracket": 2, "tuner/round": 1, "tuner/trial_id": "0062"}}, "metrics": {"metrics": {"AUC": {"direction": "max", "observations": [{"value": [0.9266740083694458], "step": 5}]}, "Precision": {"direction": "max", "observations": [{"value": [0.8871085047721863], "step": 5}]}, "Recall": {"direction": "max", "observations": [{"value": [0.892307698726654], "step": 5}]}, "accuracy": {"direction": "max", "observations": [{"value": [0.8509377837181091], "step": 5}]}, "loss": {"direction": "min", "observations": [{"value": [0.3182380795478821], "step": 5}]}, "val_AUC": {"direction": "max", "observations": [{"value": [0.9526005983352661], "step": 5}]}, "val_Precision": {"direction": "max", "observations": [{"value": [0.9646643400192261], "step": 5}]}, "val_Recall": {"direction": "max", "observations": [{"value": [0.8452012538909912], "step": 5}]}, "val_accuracy": {"direction": "max", "observations": [{"value": [0.873150110244751], "step": 5}]}, "val_loss": {"direction": "min", "observations": [{"value": [0.2868800461292267], "step": 5}]}}}, "score": 0.2868800461292267, "best_step": 5, "status": "COMPLETED", "message": null}