{"trial_id": "0021", "hyperparameters": {"space": [{"class_name": "Choice", "config": {"name": "kernel_size_1", "default": 3, "conditions": [], "values": [3, 5, 7], "ordered": true}}, {"class_name": "Choice", "config": {"name": "kernel_size_2", "default": 3, "conditions": [], "values": [3, 5, 7], "ordered": true}}, {"class_name": "Int", "config": {"name": "conv_1_filters", "default": null, "conditions": [], "min_value": 16, "max_value": 64, "step": 16, "sampling": "linear"}}, {"class_name": "Int", "config": {"name": "conv_2_filters", "default": null, "conditions": [], "min_value": 32, "max_value": 128, "step": 32, "sampling": "linear"}}, {"class_name": "Int", "config": {"name": "dense_units", "default": null, "conditions": [], "min_value": 32, "max_value": 128, "step": 32, "sampling": "linear"}}, {"class_name": "Float", "config": {"name": "dropout_rate", "default": 0.2, "conditions": [], "min_value": 0.2, "max_value": 0.5, "step": 0.1, "sampling": "linear"}}], "values": {"kernel_size_1": 3, "kernel_size_2": 7, "conv_1_filters": 48, "conv_2_filters": 64, "dense_units": 32, "dropout_rate": 0.2, "tuner/epochs": 7, "tuner/initial_epoch": 0, "tuner/bracket": 1, "tuner/round": 0}}, "metrics": {"metrics": {"AUC": {"direction": "max", "observations": [{"value": [0.7428627014160156], "step": 3}]}, "Precision": {"direction": "max", "observations": [{"value": [0.6870189905166626], "step": 3}]}, "Recall": {"direction": "max", "observations": [{"value": [0.9809523820877075], "step": 3}]}, "accuracy": {"direction": "max", "observations": [{"value": [0.6860809326171875], "step": 3}]}, "loss": {"direction": "min", "observations": [{"value": [0.5284383296966553], "step": 3}]}, "val_AUC": {"direction": "max", "observations": [{"value": [0.8190298676490784], "step": 3}]}, "val_Precision": {"direction": "max", "observations": [{"value": [0.7488038539886475], "step": 3}]}, "val_Recall": {"direction": "max", "observations": [{"value": [0.9690402746200562], "step": 3}]}, "val_accuracy": {"direction": "max", "observations": [{"value": [0.7568710446357727], "step": 3}]}, "val_loss": {"direction": "min", "observations": [{"value": [0.4930306673049927], "step": 3}]}}}, "score": 0.4930306673049927, "best_step": 3, "status": "COMPLETED", "message": null}