{"trial_id": "0022", "hyperparameters": {"space": [{"class_name": "Choice", "config": {"name": "kernel_size_1", "default": 3, "conditions": [], "values": [3, 5, 7], "ordered": true}}, {"class_name": "Choice", "config": {"name": "kernel_size_2", "default": 3, "conditions": [], "values": [3, 5, 7], "ordered": true}}, {"class_name": "Int", "config": {"name": "conv_1_filters", "default": null, "conditions": [], "min_value": 16, "max_value": 64, "step": 16, "sampling": "linear"}}, {"class_name": "Int", "config": {"name": "conv_2_filters", "default": null, "conditions": [], "min_value": 32, "max_value": 128, "step": 32, "sampling": "linear"}}, {"class_name": "Int", "config": {"name": "dense_units", "default": null, "conditions": [], "min_value": 32, "max_value": 128, "step": 32, "sampling": "linear"}}, {"class_name": "Float", "config": {"name": "dropout_rate", "default": 0.2, "conditions": [], "min_value": 0.2, "max_value": 0.5, "step": 0.1, "sampling": "linear"}}], "values": {"kernel_size_1": 3, "kernel_size_2": 3, "conv_1_filters": 16, "conv_2_filters": 96, "dense_units": 96, "dropout_rate": 0.4, "tuner/epochs": 7, "tuner/initial_epoch": 0, "tuner/bracket": 1, "tuner/round": 0}}, "metrics": {"metrics": {"AUC": {"direction": "max", "observations": [{"value": [0.7178556323051453], "step": 5}]}, "Precision": {"direction": "max", "observations": [{"value": [0.673741340637207], "step": 5}]}, "Recall": {"direction": "max", "observations": [{"value": [1.0], "step": 5}]}, "accuracy": {"direction": "max", "observations": [{"value": [0.673741340637207], "step": 5}]}, "loss": {"direction": "min", "observations": [{"value": [0.5412479043006897], "step": 5}]}, "val_AUC": {"direction": "max", "observations": [{"value": [0.8369452953338623], "step": 5}]}, "val_Precision": {"direction": "max", "observations": [{"value": [0.6828752756118774], "step": 5}]}, "val_Recall": {"direction": "max", "observations": [{"value": [1.0], "step": 5}]}, "val_accuracy": {"direction": "max", "observations": [{"value": [0.6828752756118774], "step": 5}]}, "val_loss": {"direction": "min", "observations": [{"value": [0.5059078335762024], "step": 5}]}}}, "score": 0.5059078335762024, "best_step": 5, "status": "COMPLETED", "message": null}