{"trial_id": "0001", "hyperparameters": {"space": [{"class_name": "Choice", "config": {"name": "kernel_size_1", "default": 3, "conditions": [], "values": [3, 5, 7], "ordered": true}}, {"class_name": "Choice", "config": {"name": "kernel_size_2", "default": 3, "conditions": [], "values": [3, 5, 7], "ordered": true}}, {"class_name": "Int", "config": {"name": "conv_1_filters", "default": null, "conditions": [], "min_value": 16, "max_value": 64, "step": 16, "sampling": "linear"}}, {"class_name": "Int", "config": {"name": "conv_2_filters", "default": null, "conditions": [], "min_value": 32, "max_value": 128, "step": 32, "sampling": "linear"}}, {"class_name": "Int", "config": {"name": "dense_units", "default": null, "conditions": [], "min_value": 32, "max_value": 128, "step": 32, "sampling": "linear"}}, {"class_name": "Float", "config": {"name": "dropout_rate", "default": 0.2, "conditions": [], "min_value": 0.2, "max_value": 0.5, "step": 0.1, "sampling": "linear"}}], "values": {"kernel_size_1": 5, "kernel_size_2": 5, "conv_1_filters": 64, "conv_2_filters": 128, "dense_units": 96, "dropout_rate": 0.4, "tuner/epochs": 3, "tuner/initial_epoch": 0, "tuner/bracket": 2, "tuner/round": 0}}, "metrics": {"metrics": {"AUC": {"direction": "max", "observations": [{"value": [0.7426925897598267], "step": 1}]}, "Precision": {"direction": "max", "observations": [{"value": [0.6975241899490356], "step": 1}]}, "Recall": {"direction": "max", "observations": [{"value": [0.9494505524635315], "step": 1}]}, "accuracy": {"direction": "max", "observations": [{"value": [0.6885488629341125], "step": 1}]}, "loss": {"direction": "min", "observations": [{"value": [0.5282941460609436], "step": 1}]}, "val_AUC": {"direction": "max", "observations": [{"value": [0.7784830331802368], "step": 1}]}, "val_Precision": {"direction": "max", "observations": [{"value": [0.7178899049758911], "step": 1}]}, "val_Recall": {"direction": "max", "observations": [{"value": [0.9690402746200562], "step": 1}]}, "val_accuracy": {"direction": "max", "observations": [{"value": [0.7188160419464111], "step": 1}]}, "val_loss": {"direction": "min", "observations": [{"value": [0.5110378861427307], "step": 1}]}}}, "score": 0.5110378861427307, "best_step": 1, "status": "COMPLETED", "message": null}