{"trial_id": "0007", "hyperparameters": {"space": [{"class_name": "Choice", "config": {"name": "kernel_size_1", "default": 3, "conditions": [], "values": [3, 5, 7], "ordered": true}}, {"class_name": "Choice", "config": {"name": "kernel_size_2", "default": 3, "conditions": [], "values": [3, 5, 7], "ordered": true}}, {"class_name": "Int", "config": {"name": "conv_1_filters", "default": null, "conditions": [], "min_value": 16, "max_value": 64, "step": 16, "sampling": "linear"}}, {"class_name": "Int", "config": {"name": "conv_2_filters", "default": null, "conditions": [], "min_value": 32, "max_value": 128, "step": 32, "sampling": "linear"}}, {"class_name": "Int", "config": {"name": "dense_units", "default": null, "conditions": [], "min_value": 32, "max_value": 128, "step": 32, "sampling": "linear"}}, {"class_name": "Float", "config": {"name": "dropout_rate", "default": 0.2, "conditions": [], "min_value": 0.2, "max_value": 0.5, "step": 0.1, "sampling": "linear"}}], "values": {"kernel_size_1": 7, "kernel_size_2": 5, "conv_1_filters": 32, "conv_2_filters": 32, "dense_units": 32, "dropout_rate": 0.4, "tuner/epochs": 3, "tuner/initial_epoch": 0, "tuner/bracket": 2, "tuner/round": 0}}, "metrics": {"metrics": {"AUC": {"direction": "max", "observations": [{"value": [0.6804625391960144], "step": 2}]}, "Precision": {"direction": "max", "observations": [{"value": [0.6734390258789062], "step": 2}]}, "Recall": {"direction": "max", "observations": [{"value": [0.995604395866394], "step": 2}]}, "accuracy": {"direction": "max", "observations": [{"value": [0.6717670559883118], "step": 2}]}, "loss": {"direction": "min", "observations": [{"value": [0.5440635681152344], "step": 2}]}, "val_AUC": {"direction": "max", "observations": [{"value": [0.7101753950119019], "step": 2}]}, "val_Precision": {"direction": "max", "observations": [{"value": [0.6828752756118774], "step": 2}]}, "val_Recall": {"direction": "max", "observations": [{"value": [1.0], "step": 2}]}, "val_accuracy": {"direction": "max", "observations": [{"value": [0.6828752756118774], "step": 2}]}, "val_loss": {"direction": "min", "observations": [{"value": [0.5288161039352417], "step": 2}]}}}, "score": 0.5288161039352417, "best_step": 2, "status": "COMPLETED", "message": null}