{"trial_id": "0011", "hyperparameters": {"space": [{"class_name": "Choice", "config": {"name": "kernel_size_1", "default": 3, "conditions": [], "values": [3, 5, 7], "ordered": true}}, {"class_name": "Choice", "config": {"name": "kernel_size_2", "default": 3, "conditions": [], "values": [3, 5, 7], "ordered": true}}, {"class_name": "Int", "config": {"name": "conv_1_filters", "default": null, "conditions": [], "min_value": 16, "max_value": 64, "step": 16, "sampling": "linear"}}, {"class_name": "Int", "config": {"name": "conv_2_filters", "default": null, "conditions": [], "min_value": 32, "max_value": 128, "step": 32, "sampling": "linear"}}, {"class_name": "Int", "config": {"name": "dense_units", "default": null, "conditions": [], "min_value": 32, "max_value": 128, "step": 32, "sampling": "linear"}}, {"class_name": "Float", "config": {"name": "dropout_rate", "default": 0.2, "conditions": [], "min_value": 0.2, "max_value": 0.5, "step": 0.1, "sampling": "linear"}}], "values": {"kernel_size_1": 3, "kernel_size_2": 5, "conv_1_filters": 64, "conv_2_filters": 128, "dense_units": 32, "dropout_rate": 0.30000000000000004, "tuner/epochs": 3, "tuner/initial_epoch": 0, "tuner/bracket": 2, "tuner/round": 0}}, "metrics": {"metrics": {"AUC": {"direction": "max", "observations": [{"value": [0.6740214824676514], "step": 1}]}, "Precision": {"direction": "max", "observations": [{"value": [0.6740850806236267], "step": 1}]}, "Recall": {"direction": "max", "observations": [{"value": [0.9985347986221313], "step": 1}]}, "accuracy": {"direction": "max", "observations": [{"value": [0.673741340637207], "step": 1}]}, "loss": {"direction": "min", "observations": [{"value": [0.554930567741394], "step": 1}]}, "val_AUC": {"direction": "max", "observations": [{"value": [0.6980495452880859], "step": 1}]}, "val_Precision": {"direction": "max", "observations": [{"value": [0.6837607026100159], "step": 1}]}, "val_Recall": {"direction": "max", "observations": [{"value": [0.99071204662323], "step": 1}]}, "val_accuracy": {"direction": "max", "observations": [{"value": [0.6807610988616943], "step": 1}]}, "val_loss": {"direction": "min", "observations": [{"value": [0.538311779499054], "step": 1}]}}}, "score": 0.538311779499054, "best_step": 1, "status": "COMPLETED", "message": null}