{"trial_id": "0072", "hyperparameters": {"space": [{"class_name": "Choice", "config": {"name": "kernel_size_1", "default": 3, "conditions": [], "values": [3, 5, 7], "ordered": true}}, {"class_name": "Choice", "config": {"name": "filters_1", "default": 32, "conditions": [], "values": [32, 64, 128], "ordered": true}}, {"class_name": "Choice", "config": {"name": "kernel_size_2", "default": 3, "conditions": [], "values": [3, 5, 7], "ordered": true}}, {"class_name": "Choice", "config": {"name": "filters_2", "default": 64, "conditions": [], "values": [64, 128, 256], "ordered": true}}, {"class_name": "Choice", "config": {"name": "kernel_size_3", "default": 3, "conditions": [], "values": [3, 5, 7], "ordered": true}}, {"class_name": "Choice", "config": {"name": "filters_3", "default": 128, "conditions": [], "values": [128, 256, 512], "ordered": true}}, {"class_name": "Int", "config": {"name": "dense_1_units", "default": null, "conditions": [], "min_value": 64, "max_value": 256, "step": 64, "sampling": "linear"}}, {"class_name": "Float", "config": {"name": "dropout_1", "default": 0.3, "conditions": [], "min_value": 0.3, "max_value": 0.7, "step": 0.1, "sampling": "linear"}}, {"class_name": "Int", "config": {"name": "dense_2_units", "default": null, "conditions": [], "min_value": 32, "max_value": 128, "step": 32, "sampling": "linear"}}, {"class_name": "Float", "config": {"name": "dropout_2", "default": 0.3, "conditions": [], "min_value": 0.3, "max_value": 0.7, "step": 0.1, "sampling": "linear"}}], "values": {"kernel_size_1": 5, "filters_1": 32, "kernel_size_2": 7, "filters_2": 256, "kernel_size_3": 3, "filters_3": 512, "dense_1_units": 256, "dropout_1": 0.3, "dense_2_units": 32, "dropout_2": 0.5, "tuner/epochs": 30, "tuner/initial_epoch": 10, "tuner/bracket": 2, "tuner/round": 2, "tuner/trial_id": "0067"}}, "metrics": {"metrics": {"AUC": {"direction": "max", "observations": [{"value": [0.9635189771652222], "step": 2}]}, "Precision": {"direction": "max", "observations": [{"value": [0.933779776096344], "step": 2}]}, "Recall": {"direction": "max", "observations": [{"value": [0.9194139242172241], "step": 2}]}, "accuracy": {"direction": "max", "observations": [{"value": [0.901776909828186], "step": 2}]}, "loss": {"direction": "min", "observations": [{"value": [0.22976377606391907], "step": 2}]}, "val_AUC": {"direction": "max", "observations": [{"value": [0.9511144757270813], "step": 2}]}, "val_Precision": {"direction": "max", "observations": [{"value": [0.9354838728904724], "step": 2}]}, "val_Recall": {"direction": "max", "observations": [{"value": [0.8978328108787537], "step": 2}]}, "val_accuracy": {"direction": "max", "observations": [{"value": [0.8879492878913879], "step": 2}]}, "val_loss": {"direction": "min", "observations": [{"value": [0.27110838890075684], "step": 2}]}}}, "score": 0.27110838890075684, "best_step": 2, "status": "COMPLETED", "message": null}