{"trial_id": "0019", "hyperparameters": {"space": [{"class_name": "Choice", "config": {"name": "kernel_size_1", "default": 3, "conditions": [], "values": [3, 5, 7], "ordered": true}}, {"class_name": "Choice", "config": {"name": "kernel_size_2", "default": 3, "conditions": [], "values": [3, 5, 7], "ordered": true}}, {"class_name": "Int", "config": {"name": "conv_1_filters", "default": null, "conditions": [], "min_value": 16, "max_value": 64, "step": 16, "sampling": "linear"}}, {"class_name": "Int", "config": {"name": "conv_2_filters", "default": null, "conditions": [], "min_value": 32, "max_value": 128, "step": 32, "sampling": "linear"}}, {"class_name": "Int", "config": {"name": "dense_units", "default": null, "conditions": [], "min_value": 32, "max_value": 128, "step": 32, "sampling": "linear"}}, {"class_name": "Float", "config": {"name": "dropout_rate", "default": 0.2, "conditions": [], "min_value": 0.2, "max_value": 0.5, "step": 0.1, "sampling": "linear"}}], "values": {"kernel_size_1": 5, "kernel_size_2": 3, "conv_1_filters": 64, "conv_2_filters": 64, "dense_units": 64, "dropout_rate": 0.4, "tuner/epochs": 7, "tuner/initial_epoch": 0, "tuner/bracket": 1, "tuner/round": 0}}, "metrics": {"metrics": {"AUC": {"direction": "max", "observations": [{"value": [0.8273922204971313], "step": 6}]}, "Precision": {"direction": "max", "observations": [{"value": [0.7871221899986267], "step": 6}]}, "Recall": {"direction": "max", "observations": [{"value": [0.8776556849479675], "step": 6}]}, "accuracy": {"direction": "max", "observations": [{"value": [0.7576505541801453], "step": 6}]}, "loss": {"direction": "min", "observations": [{"value": [0.4669642746448517], "step": 6}]}, "val_AUC": {"direction": "max", "observations": [{"value": [0.8928896188735962], "step": 6}]}, "val_Precision": {"direction": "max", "observations": [{"value": [0.9502262473106384], "step": 6}]}, "val_Recall": {"direction": "max", "observations": [{"value": [0.6501547694206238], "step": 6}]}, "val_accuracy": {"direction": "max", "observations": [{"value": [0.7378435730934143], "step": 6}]}, "val_loss": {"direction": "min", "observations": [{"value": [0.4497203230857849], "step": 6}]}}}, "score": 0.4497203230857849, "best_step": 6, "status": "COMPLETED", "message": null}