{"trial_id": "0070", "hyperparameters": {"space": [{"class_name": "Choice", "config": {"name": "kernel_size_1", "default": 3, "conditions": [], "values": [3, 5, 7], "ordered": true}}, {"class_name": "Choice", "config": {"name": "filters_1", "default": 32, "conditions": [], "values": [32, 64, 128], "ordered": true}}, {"class_name": "Choice", "config": {"name": "kernel_size_2", "default": 3, "conditions": [], "values": [3, 5, 7], "ordered": true}}, {"class_name": "Choice", "config": {"name": "filters_2", "default": 64, "conditions": [], "values": [64, 128, 256], "ordered": true}}, {"class_name": "Choice", "config": {"name": "kernel_size_3", "default": 3, "conditions": [], "values": [3, 5, 7], "ordered": true}}, {"class_name": "Choice", "config": {"name": "filters_3", "default": 128, "conditions": [], "values": [128, 256, 512], "ordered": true}}, {"class_name": "Int", "config": {"name": "dense_1_units", "default": null, "conditions": [], "min_value": 64, "max_value": 256, "step": 64, "sampling": "linear"}}, {"class_name": "Float", "config": {"name": "dropout_1", "default": 0.3, "conditions": [], "min_value": 0.3, "max_value": 0.7, "step": 0.1, "sampling": "linear"}}, {"class_name": "Int", "config": {"name": "dense_2_units", "default": null, "conditions": [], "min_value": 32, "max_value": 128, "step": 32, "sampling": "linear"}}, {"class_name": "Float", "config": {"name": "dropout_2", "default": 0.3, "conditions": [], "min_value": 0.3, "max_value": 0.7, "step": 0.1, "sampling": "linear"}}], "values": {"kernel_size_1": 7, "filters_1": 32, "kernel_size_2": 7, "filters_2": 64, "kernel_size_3": 5, "filters_3": 256, "dense_1_units": 192, "dropout_1": 0.3, "dense_2_units": 64, "dropout_2": 0.4, "tuner/epochs": 10, "tuner/initial_epoch": 4, "tuner/bracket": 2, "tuner/round": 1, "tuner/trial_id": "0052"}}, "metrics": {"metrics": {"AUC": {"direction": "max", "observations": [{"value": [0.818925678730011], "step": 5}]}, "Precision": {"direction": "max", "observations": [{"value": [0.7917231917381287], "step": 5}]}, "Recall": {"direction": "max", "observations": [{"value": [0.8549450635910034], "step": 5}]}, "accuracy": {"direction": "max", "observations": [{"value": [0.7507403492927551], "step": 5}]}, "loss": {"direction": "min", "observations": [{"value": [0.4961928129196167], "step": 5}]}, "val_AUC": {"direction": "max", "observations": [{"value": [0.8956965804100037], "step": 5}]}, "val_Precision": {"direction": "max", "observations": [{"value": [0.9184397459030151], "step": 5}]}, "val_Recall": {"direction": "max", "observations": [{"value": [0.801857590675354], "step": 5}]}, "val_accuracy": {"direction": "max", "observations": [{"value": [0.816067636013031], "step": 5}]}, "val_loss": {"direction": "min", "observations": [{"value": [0.40315666794776917], "step": 5}]}}}, "score": 0.40315666794776917, "best_step": 5, "status": "COMPLETED", "message": null}