{"trial_id": "0016", "hyperparameters": {"space": [{"class_name": "Choice", "config": {"name": "kernel_size_1", "default": 3, "conditions": [], "values": [3, 5, 7], "ordered": true}}, {"class_name": "Choice", "config": {"name": "kernel_size_2", "default": 3, "conditions": [], "values": [3, 5, 7], "ordered": true}}, {"class_name": "Int", "config": {"name": "conv_1_filters", "default": null, "conditions": [], "min_value": 16, "max_value": 64, "step": 16, "sampling": "linear"}}, {"class_name": "Int", "config": {"name": "conv_2_filters", "default": null, "conditions": [], "min_value": 32, "max_value": 128, "step": 32, "sampling": "linear"}}, {"class_name": "Int", "config": {"name": "dense_units", "default": null, "conditions": [], "min_value": 32, "max_value": 128, "step": 32, "sampling": "linear"}}, {"class_name": "Float", "config": {"name": "dropout_rate", "default": 0.2, "conditions": [], "min_value": 0.2, "max_value": 0.5, "step": 0.1, "sampling": "linear"}}], "values": {"kernel_size_1": 5, "kernel_size_2": 5, "conv_1_filters": 64, "conv_2_filters": 128, "dense_units": 96, "dropout_rate": 0.4, "tuner/epochs": 20, "tuner/initial_epoch": 7, "tuner/bracket": 2, "tuner/round": 2, "tuner/trial_id": "0012"}}, "metrics": {"metrics": {"AUC": {"direction": "max", "observations": [{"value": [0.908802330493927], "step": 7}]}, "Precision": {"direction": "max", "observations": [{"value": [0.8677626848220825], "step": 7}]}, "Recall": {"direction": "max", "observations": [{"value": [0.8893772959709167], "step": 7}]}, "accuracy": {"direction": "max", "observations": [{"value": [0.8341559767723083], "step": 7}]}, "loss": {"direction": "min", "observations": [{"value": [0.354098916053772], "step": 7}]}, "val_AUC": {"direction": "max", "observations": [{"value": [0.9181114435195923], "step": 7}]}, "val_Precision": {"direction": "max", "observations": [{"value": [0.860534131526947], "step": 7}]}, "val_Recall": {"direction": "max", "observations": [{"value": [0.8978328108787537], "step": 7}]}, "val_accuracy": {"direction": "max", "observations": [{"value": [0.830866813659668], "step": 7}]}, "val_loss": {"direction": "min", "observations": [{"value": [0.33226197957992554], "step": 7}]}}}, "score": 0.33226197957992554, "best_step": 7, "status": "COMPLETED", "message": null}